{
  "languageTag" : "default",
  "keys" : {
    "system.intent.SayGoodBye.conversationName" : {
      "message" : "SayGoodBye",
      "extensionType" : null,
      "trackingId" : "325E8B98-1B34-4EF5-9568-CD645270A26F"
    },
    "system.intent.AskToRepeat.conversationName" : {
      "message" : "AskToRepeat",
      "extensionType" : null,
      "trackingId" : "2A79D211-D9F7-4658-BF8A-0D44F24758D1"
    },
    "system.intent.MoveOn.conversationName" : {
      "message" : "MoveOn",
      "extensionType" : null,
      "trackingId" : "931C5866-A148-41A4-80BF-AA3781BD2AF6"
    },
    "system.intent.PlayMusic.conversationName" : {
      "message" : "PlayMusic",
      "extensionType" : null,
      "trackingId" : "676B51B3-D5B3-434F-AD0C-0781FB36EAAD"
    },
    "system.intent.AskGender.conversationName" : {
      "message" : "AskGender",
      "extensionType" : null,
      "trackingId" : "A3665B58-E254-4232-A044-858F9638BBC7"
    },
    "system.intent.Wishings.conversationName" : {
      "message" : "Wishings",
      "extensionType" : null,
      "trackingId" : "FA5042F1-8425-4478-8E4F-3A83EC5BA236"
    },
    "system.intent.Reset.conversationName" : {
      "message" : "Reset",
      "extensionType" : null,
      "trackingId" : "E5F91D0B-274C-43ED-AA3B-5A257D903BCB"
    },
    "system.intent.LETSDO.conversationName" : {
      "message" : "LETSDO",
      "extensionType" : null,
      "trackingId" : "AD5EDEE3-21EC-4978-8027-AF1917C23212"
    },
    "system.intent.unresolvedIntentInternal.conversationName" : {
      "message" : "unresolvedIntentInternal",
      "extensionType" : null,
      "trackingId" : "7266DD47-77FE-4AEB-9EB1-EA728E9FD53A"
    },
    "system.intent.Greeting.conversationName" : {
      "message" : "Greeting",
      "extensionType" : null,
      "trackingId" : "8CB5BEE9-E53D-45C4-81F0-384E0832D25A"
    },
    "system.intent.AskVoiceChannelSupport.conversationName" : {
      "message" : "AskVoiceChannelSupport",
      "extensionType" : null,
      "trackingId" : "51339780-FDBB-42B3-937E-979C38D1623E"
    },
    "system.intent.AskHelp.conversationName" : {
      "message" : "AskHelp",
      "extensionType" : null,
      "trackingId" : "B7D77E7E-F222-4765-9B87-B5C25EE6C590"
    },
    "system.intent.Teach.conversationName" : {
      "message" : "Teach",
      "extensionType" : null,
      "trackingId" : "62F88334-1442-41B3-A12F-699113B845D7"
    },
    "system.intent.FormalTimeGreetingEvening.conversationName" : {
      "message" : "FormalTimeGreetingEvening",
      "extensionType" : null,
      "trackingId" : "C8CEA42C-4A8D-47AD-BEE2-7FD61C513861"
    },
    "system.intent.AskSkills.conversationName" : {
      "message" : "AskSkills",
      "extensionType" : null,
      "trackingId" : "D7C3436E-2BF3-46B8-8458-95EBB79DBFB9"
    },
    "system.intent.CordialGreetings.conversationName" : {
      "message" : "CordialGreetings",
      "extensionType" : null,
      "trackingId" : "4A3A4324-96CA-4BD5-9E8C-5CA33E299150"
    },
    "system.intent.AskAboutNews.conversationName" : {
      "message" : "AskAboutNews",
      "extensionType" : null,
      "trackingId" : "C036E750-5EDB-4F40-8B61-EFD5A3DC4A38"
    },
    "system.intent.AskAboutTheDay.conversationName" : {
      "message" : "AskAboutTheDay",
      "extensionType" : null,
      "trackingId" : "364828AD-0D99-403C-9695-83F6CB9BE260"
    },
    "system.intent.Friends.conversationName" : {
      "message" : "Friends",
      "extensionType" : null,
      "trackingId" : "04F14707-9CE3-4470-AF92-CFF92B8B7C52"
    },
    "system.intent.DateSpecificGreetings.conversationName" : {
      "message" : "DateSpecificGreetings",
      "extensionType" : null,
      "trackingId" : "D2A92C6D-F0E7-4574-B6D7-938ED174A60F"
    },
    "system.intent.GreetingQuestionsAnswersNegative.conversationName" : {
      "message" : "GreetingQuestionsAnswersNegative",
      "extensionType" : null,
      "trackingId" : "6A07CC19-AB06-47D8-B75C-C6B2D27DF3B2"
    },
    "system.intent.Abuse.conversationName" : {
      "message" : "Abuse",
      "extensionType" : null,
      "trackingId" : "3A1FA5C1-957D-4D41-8AD0-D0CD4D7E7539"
    },
    "system.intent.ThankYou.conversationName" : {
      "message" : "ThankYou",
      "extensionType" : null,
      "trackingId" : "7E86DB66-876A-44F1-BEC2-E12572FCE874"
    },
    "system.intent.AskFeelings.conversationName" : {
      "message" : "AskFeelings",
      "extensionType" : null,
      "trackingId" : "9176034C-735E-4F51-9B0E-758530EF15C6"
    },
    "system.intent.AskOpenSource.conversationName" : {
      "message" : "AskOpenSource",
      "extensionType" : null,
      "trackingId" : "9B10D4CB-AF0D-425D-ABB9-4558638F7105"
    },
    "system.intent.BadExperience.conversationName" : {
      "message" : "BadExperience",
      "extensionType" : null,
      "trackingId" : "83063170-4EB9-4F58-9088-780F6CF37F76"
    },
    "system.intent.WhereIAm.conversationName" : {
      "message" : "WhereIAm",
      "extensionType" : null,
      "trackingId" : "5EDED8DE-1563-465A-AD51-6F1966D91995"
    },
    "system.intent.AskAboutFood.conversationName" : {
      "message" : "AskAboutFood",
      "extensionType" : null,
      "trackingId" : "89B929F8-9116-4745-9886-F9F9FB38AC10"
    },
    "system.intent.AskHumanity.conversationName" : {
      "message" : "AskHumanity",
      "extensionType" : null,
      "trackingId" : "8F66375A-578D-4B09-A83C-33646E316003"
    },
    "system.intent.AskCapabilities.conversationName" : {
      "message" : "AskCapabilities",
      "extensionType" : null,
      "trackingId" : "D11D84B3-8108-40F5-B03B-0898E7B0B676"
    },
    "system.intent.AskForAJoke.conversationName" : {
      "message" : "AskForAJoke",
      "extensionType" : null,
      "trackingId" : "66498863-01D3-4C9E-A577-752C43CC216D"
    },
    "system.intent.WhatLanguageDoYouSpeak.conversationName" : {
      "message" : "WhatLanguageDoYouSpeak",
      "extensionType" : null,
      "trackingId" : "42991CEC-6737-41C3-8466-D089AC728DF1"
    },
    "system.intent.AskAboutCost.conversationName" : {
      "message" : "AskAboutCost",
      "extensionType" : null,
      "trackingId" : "9D443735-3979-4408-A43A-8EE68657A8C1"
    },
    "system.intent.FormalTimeGreetingAfternoon.conversationName" : {
      "message" : "FormalTimeGreetingAfternoon",
      "extensionType" : null,
      "trackingId" : "5941C68A-C33D-45DE-AEDD-D52C8A69456C"
    },
    "system.intent.Marry.conversationName" : {
      "message" : "Marry",
      "extensionType" : null,
      "trackingId" : "69AAA5EA-B2C8-458D-A279-A47D56DD23B7"
    },
    "system.intent.AskLocation.conversationName" : {
      "message" : "AskLocation",
      "extensionType" : null,
      "trackingId" : "DE8B61BA-0F1E-4B00-A337-CEB45AF441B0"
    },
    "system.intent.GreetingQuestions.conversationName" : {
      "message" : "GreetingQuestions",
      "extensionType" : null,
      "trackingId" : "18968259-C4C2-4BD0-A2CA-B01445DDE047"
    },
    "system.intent.AskAboutTheTime.conversationName" : {
      "message" : "AskAboutTheTime",
      "extensionType" : null,
      "trackingId" : "A1CC6904-D3BA-470A-839B-E849548E3909"
    },
    "system.intent.DoYouLikeMe.conversationName" : {
      "message" : "DoYouLikeMe",
      "extensionType" : null,
      "trackingId" : "E73DE2C6-1D1E-4357-865D-E3E9E33D734D"
    },
    "system.intent.Praise.conversationName" : {
      "message" : "Praise",
      "extensionType" : null,
      "trackingId" : "4198414D-5419-408C-8CD1-A7A6FF966760"
    },
    "system.intent.AskAboutOracle.conversationName" : {
      "message" : "AskAboutOracle",
      "extensionType" : null,
      "trackingId" : "C91FA8A1-23F6-4ED7-BDD8-2077DCC5E346"
    },
    "system.intent.GreetingQuestionsAnswersNeutral.conversationName" : {
      "message" : "GreetingQuestionsAnswersNeutral",
      "extensionType" : null,
      "trackingId" : "039D5CF7-B2AC-41E5-8BD5-6B22EF163531"
    },
    "system.intent.SwearWords.conversationName" : {
      "message" : "SwearWords",
      "extensionType" : null,
      "trackingId" : "04672005-CF6D-4CE0-A70D-2DFBBB00C81E"
    },
    "system.intent.AskConfidence.conversationName" : {
      "message" : "AskConfidence",
      "extensionType" : null,
      "trackingId" : "A548D9B7-18E5-4160-8B51-318E11C9A308"
    },
    "system.intent.AskName.conversationName" : {
      "message" : "AskName",
      "extensionType" : null,
      "trackingId" : "83D95A01-AAC5-4D7F-861F-88FA44BCD4D1"
    },
    "system.intent.AskAge.conversationName" : {
      "message" : "AskAge",
      "extensionType" : null,
      "trackingId" : "6E22C4FF-7E02-419A-8F9C-4627DFA2C22D"
    },
    "system.intent.AskAboutUniversAnswer.conversationName" : {
      "message" : "AskAboutUniversAnswer",
      "extensionType" : null,
      "trackingId" : "C9CF9B7A-16A0-4C67-BC4E-4B33D2C78E5F"
    },
    "system.intent.AskAboutCreator.conversationName" : {
      "message" : "AskAboutCreator",
      "extensionType" : null,
      "trackingId" : "21C4792F-EB15-41BA-9BB4-D234068DE57C"
    },
    "system.intent.WhenBorn.conversationName" : {
      "message" : "WhenBorn",
      "extensionType" : null,
      "trackingId" : "A4F22E20-A299-4EE0-9E4D-891410514F93"
    },
    "system.intent.AskAboutTheWeather.conversationName" : {
      "message" : "AskAboutTheWeather",
      "extensionType" : null,
      "trackingId" : "B4375B54-68CC-4920-BE37-BE3C75A671CF"
    },
    "system.intent.AskFeelingNegative.conversationName" : {
      "message" : "AskFeelingNegative",
      "extensionType" : null,
      "trackingId" : "E5284396-518E-418A-B474-4BB6739B997B"
    },
    "system.intent.UserConfirmation.conversationName" : {
      "message" : "UserConfirmation",
      "extensionType" : null,
      "trackingId" : "ED8BAE82-B66F-4911-A2AF-6257B7D1E487"
    },
    "system.intent.GreetingQuestionsAnswersPositive.conversationName" : {
      "message" : "GreetingQuestionsAnswersPositive",
      "extensionType" : null,
      "trackingId" : "A4D98747-6847-4D3D-A080-9D2331688FD7"
    },
    "system.intent.FavoriteMusic.conversationName" : {
      "message" : "FavoriteMusic",
      "extensionType" : null,
      "trackingId" : "377E8B47-D3F1-46B9-9A2F-5CA0B82935D2"
    },
    "system.intent.AskChannelSupport.conversationName" : {
      "message" : "AskChannelSupport",
      "extensionType" : null,
      "trackingId" : "AA981823-998F-4825-B8EF-77481BF5B358"
    },
    "system.intent.Introduce.conversationName" : {
      "message" : "Introduce",
      "extensionType" : null,
      "trackingId" : "FC39F831-E0D7-4492-8BE0-24062D86A432"
    },
    "system.intent.FormalTimeGreetingMorning.conversationName" : {
      "message" : "FormalTimeGreetingMorning",
      "extensionType" : null,
      "trackingId" : "25492261-2F09-4816-8869-51E911941D37"
    },
    "system.intent.AskTechnologyUsed.conversationName" : {
      "message" : "AskTechnologyUsed",
      "extensionType" : null,
      "trackingId" : "513A0274-B66B-4369-BBD9-4A731510CB43"
    },
    "system.intent.RequestingRedirection.conversationName" : {
      "message" : "RequestingRedirection",
      "extensionType" : null,
      "trackingId" : "2475D310-B88C-43CF-A4E3-2D706DECE1F9"
    },
    "system.intent.AskMade.conversationName" : {
      "message" : "AskMade",
      "extensionType" : null,
      "trackingId" : "BDD15B79-72E2-46D7-9F05-47CA9BF4BC9F"
    },
    "system.intent.AskForMore.conversationName" : {
      "message" : "AskForMore",
      "extensionType" : null,
      "trackingId" : "309205A9-CCDD-46DF-9C94-7CF517EF30EB"
    },
    "system.intent.AskToRestart.conversationName" : {
      "message" : "AskToRestart",
      "extensionType" : null,
      "trackingId" : "5C4AED61-FA7A-406A-84EE-3D22B7B6832E"
    },
    "system.intent.Funny.conversationName" : {
      "message" : "Funny",
      "extensionType" : null,
      "trackingId" : "9DF9D672-7E75-4A7E-AD76-F70B9D34240A"
    }
  }
}