{
  "name" : "Abuse",
  "type" : "NLPIntent",
  "trackingId" : "9C509045-A5F0-48C3-8D15-F9EE56FD8BE1",
  "enabled" : true,
  "intentParameters" : [ {
    "name" : "SmallTalkEntity",
    "required" : true,
    "entity" : "SmallTalkEntity",
    "trackingId" : "4B8D608D-55F8-41FB-9405-58935CB6FB27"
  } ],
  "exampleData" : [ {
    "sentence" : "ure fucked",
    "trackingId" : "028BF675-0C94-4C37-8D65-16F640C738F9",
    "translated" : null,
    "detectedLanguage" : null,
    "translatedLanguage" : null,
    "translatedBy" : null,
    "exampleEntities" : [ ]
  }, {
    "sentence" : "ure shit",
    "trackingId" : "546DF832-2E1B-4187-9330-5703EC18E04A",
    "translated" : null,
    "detectedLanguage" : null,
    "translatedLanguage" : null,
    "translatedBy" : null,
    "exampleEntities" : [ ]
  }, {
    "sentence" : "idiot",
    "trackingId" : "472649F2-D251-403A-A480-676B8C4C370F",
    "translated" : null,
    "detectedLanguage" : null,
    "translatedLanguage" : null,
    "translatedBy" : null,
    "exampleEntities" : [ ]
  }, {
    "sentence" : "dickhead",
    "trackingId" : "EB95AC75-596E-49D5-BC76-466C977A56E7",
    "translated" : null,
    "detectedLanguage" : null,
    "translatedLanguage" : null,
    "translatedBy" : null,
    "exampleEntities" : [ ]
  }, {
    "sentence" : "asshole",
    "trackingId" : "714A3129-CECE-45A5-AE5A-56A85123F132",
    "translated" : null,
    "detectedLanguage" : null,
    "translatedLanguage" : null,
    "translatedBy" : null,
    "exampleEntities" : [ ]
  }, {
    "sentence" : "go fuck yourself",
    "trackingId" : "8086C062-58FA-45F7-B9D4-C7783BDDF11D",
    "translated" : null,
    "detectedLanguage" : null,
    "translatedLanguage" : null,
    "translatedBy" : null,
    "exampleEntities" : [ ]
  }, {
    "sentence" : "go to hell",
    "trackingId" : "9F45DAA0-3B48-4687-8447-2365CCB1AD1D",
    "translated" : null,
    "detectedLanguage" : null,
    "translatedLanguage" : null,
    "translatedBy" : null,
    "exampleEntities" : [ ]
  }, {
    "sentence" : "shit",
    "trackingId" : "49E86AD5-E81C-497E-994F-D967A395E4E7",
    "translated" : null,
    "detectedLanguage" : null,
    "translatedLanguage" : null,
    "translatedBy" : null,
    "exampleEntities" : [ ]
  }, {
    "sentence" : "moron",
    "trackingId" : "2E53D17A-97DE-45F3-9A32-3D0FBEB069A9",
    "translated" : null,
    "detectedLanguage" : null,
    "translatedLanguage" : null,
    "translatedBy" : null,
    "exampleEntities" : [ ]
  }, {
    "sentence" : "fuck off",
    "trackingId" : "2E6A9C01-862F-4DC4-AD87-E9FBE40F84EC",
    "translated" : null,
    "detectedLanguage" : null,
    "translatedLanguage" : null,
    "translatedBy" : null,
    "exampleEntities" : [ ]
  } ],
  "autoCompleteData" : [ ]
}