{
  "name" : "AskAboutCreator",
  "trackingId" : "5840FE58-F621-4339-9B33-25F2D51BD2EE",
  "enabled" : true,
  "intentParameters" : [ {
    "name" : "SmallTalkEntity",
    "required" : true,
    "entity" : "SmallTalkEntity",
    "trackingId" : "811A22C3-2BD3-436C-B2F4-6B6C0DDC09C9"
  } ],
  "exampleData" : [ {
    "sentence" : "who are your creators",
    "trackingId" : "87075ED4-91C0-4634-90D4-E9E6113ED28C",
    "translated" : null,
    "detectedLanguage" : null,
    "translatedLanguage" : null,
    "translatedBy" : null,
    "exampleEntities" : [ ]
  }, {
    "sentence" : "who is your supervisor ",
    "trackingId" : "671E7CFD-B6EC-45E6-ADC4-BCCDCA2A0869",
    "translated" : null,
    "detectedLanguage" : null,
    "translatedLanguage" : null,
    "translatedBy" : null,
    "exampleEntities" : [ ]
  }, {
    "sentence" : "who is your creator",
    "trackingId" : "399C76D7-AE4E-410A-890B-0BE5EDF3A2ED",
    "translated" : null,
    "detectedLanguage" : null,
    "translatedLanguage" : null,
    "translatedBy" : null,
    "exampleEntities" : [ ]
  }, {
    "sentence" : "do you know your creators",
    "trackingId" : "3A4AB105-E234-413E-916D-95F96CADB180",
    "translated" : null,
    "detectedLanguage" : null,
    "translatedLanguage" : null,
    "translatedBy" : null,
    "exampleEntities" : [ ]
  }, {
    "sentence" : "who is your developer",
    "trackingId" : "D038A8E8-6150-4F37-8EE0-D72C1B05E080",
    "translated" : null,
    "detectedLanguage" : null,
    "translatedLanguage" : null,
    "translatedBy" : null,
    "exampleEntities" : [ ]
  } ],
  "autoCompleteData" : [ ]
}