{
  "name" : "AskAboutOracle",
  "type" : "NLPIntent",
  "trackingId" : "CD02C325-6220-4103-A40A-94C097406876",
  "enabled" : true,
  "intentParameters" : [ {
    "name" : "SmallTalkEntity",
    "required" : true,
    "entity" : "SmallTalkEntity",
    "trackingId" : "256B2CF4-88D0-48A9-9E60-D1F7BE9D8EF2"
  } ],
  "exampleData" : [ {
    "sentence" : "explain oracle",
    "trackingId" : "61224FA9-27DB-410A-A303-8095DE040DA8",
    "translated" : null,
    "detectedLanguage" : null,
    "translatedLanguage" : null,
    "translatedBy" : null,
    "exampleEntities" : [ ]
  }, {
    "sentence" : "tell me more about Oracle",
    "trackingId" : "5B26E230-C058-433C-838F-C248373EC8FE",
    "translated" : null,
    "detectedLanguage" : null,
    "translatedLanguage" : null,
    "translatedBy" : null,
    "exampleEntities" : [ ]
  }, {
    "sentence" : "what is oracle",
    "trackingId" : "B51762FB-4F00-480D-B233-33541A202069",
    "translated" : null,
    "detectedLanguage" : null,
    "translatedLanguage" : null,
    "translatedBy" : null,
    "exampleEntities" : [ ]
  }, {
    "sentence" : "what do you know about Oracle",
    "trackingId" : "3F3B7CE4-4E5A-492F-9F22-9260B6D3C829",
    "translated" : null,
    "detectedLanguage" : null,
    "translatedLanguage" : null,
    "translatedBy" : null,
    "exampleEntities" : [ ]
  }, {
    "sentence" : "tell me some insights about Oracle",
    "trackingId" : "B3B77C11-BAC7-4874-A68A-7F5061C12D5F",
    "translated" : null,
    "detectedLanguage" : null,
    "translatedLanguage" : null,
    "translatedBy" : null,
    "exampleEntities" : [ ]
  } ],
  "autoCompleteData" : [ ]
}