{
  "name" : "AskAboutTheWeather",
  "trackingId" : "0B40D5DC-2397-4ED0-9EE0-F71D5B8CFB2F",
  "enabled" : true,
  "intentParameters" : [ {
    "name" : "SmallTalkEntity",
    "required" : true,
    "entity" : "SmallTalkEntity",
    "trackingId" : "AE912BD2-2682-48EE-B615-1C78E851A131"
  } ],
  "exampleData" : [ {
    "sentence" : "will it rain",
    "trackingId" : "F80A6AF0-D2BC-4F8C-9C29-ECBE14F026CC",
    "translated" : null,
    "detectedLanguage" : null,
    "translatedLanguage" : null,
    "translatedBy" : null,
    "exampleEntities" : [ ]
  }, {
    "sentence" : "what is the forecast high",
    "trackingId" : "C5110CFB-9359-4DD4-81D6-BCC6988647B4",
    "translated" : null,
    "detectedLanguage" : null,
    "translatedLanguage" : null,
    "translatedBy" : null,
    "exampleEntities" : [ ]
  }, {
    "sentence" : "what will be the weather",
    "trackingId" : "A227B404-405D-4ED0-955D-56965B7059BD",
    "translated" : null,
    "detectedLanguage" : null,
    "translatedLanguage" : null,
    "translatedBy" : null,
    "exampleEntities" : [ ]
  }, {
    "sentence" : "is it going to be hot",
    "trackingId" : "4A722599-DEA4-4E9D-AC40-73D38E61E50E",
    "translated" : null,
    "detectedLanguage" : null,
    "translatedLanguage" : null,
    "translatedBy" : null,
    "exampleEntities" : [ ]
  }, {
    "sentence" : "how does the weather look",
    "trackingId" : "EC4E8CB3-669C-41F8-8D7E-5A6B463F8113",
    "translated" : null,
    "detectedLanguage" : null,
    "translatedLanguage" : null,
    "translatedBy" : null,
    "exampleEntities" : [ ]
  }, {
    "sentence" : "is it going to be cold",
    "trackingId" : "3024685B-D81D-4DAF-AB25-F7279D0DACA3",
    "translated" : null,
    "detectedLanguage" : null,
    "translatedLanguage" : null,
    "translatedBy" : null,
    "exampleEntities" : [ ]
  }, {
    "sentence" : "what is the forecast low",
    "trackingId" : "F4CB83C0-5F84-4224-A8E7-E5572A15A40E",
    "translated" : null,
    "detectedLanguage" : null,
    "translatedLanguage" : null,
    "translatedBy" : null,
    "exampleEntities" : [ ]
  }, {
    "sentence" : "is it going to be windy",
    "trackingId" : "059C6F56-314B-4AAC-8C01-E12E1EE020D0",
    "translated" : null,
    "detectedLanguage" : null,
    "translatedLanguage" : null,
    "translatedBy" : null,
    "exampleEntities" : [ ]
  }, {
    "sentence" : "what is the weather",
    "trackingId" : "D57BD04F-1466-4FE2-A914-3B0A1BE62910",
    "translated" : null,
    "detectedLanguage" : null,
    "translatedLanguage" : null,
    "translatedBy" : null,
    "exampleEntities" : [ ]
  }, {
    "sentence" : "does it look like rain",
    "trackingId" : "8F547BA7-C9FF-4567-9F48-04D1AF5D8330",
    "translated" : null,
    "detectedLanguage" : null,
    "translatedLanguage" : null,
    "translatedBy" : null,
    "exampleEntities" : [ ]
  }, {
    "sentence" : "what temperature will it be",
    "trackingId" : "B17FE083-26F3-4EFF-9729-AA8BEAB66025",
    "translated" : null,
    "detectedLanguage" : null,
    "translatedLanguage" : null,
    "translatedBy" : null,
    "exampleEntities" : [ ]
  }, {
    "sentence" : "what is the forecast",
    "trackingId" : "92975D8C-4175-461B-AB91-9515F4E9CBA1",
    "translated" : null,
    "detectedLanguage" : null,
    "translatedLanguage" : null,
    "translatedBy" : null,
    "exampleEntities" : [ ]
  }, {
    "sentence" : "is it going to snow",
    "trackingId" : "65DA7BAE-D07E-468B-8EBE-02045677F1FA",
    "translated" : null,
    "detectedLanguage" : null,
    "translatedLanguage" : null,
    "translatedBy" : null,
    "exampleEntities" : [ ]
  } ],
  "autoCompleteData" : [ ]
}