{
  "name" : "AskAge",
  "trackingId" : "234BF41C-C5DF-449A-B1C5-AF800DD12018",
  "enabled" : true,
  "intentParameters" : [ {
    "name" : "SmallTalkEntity",
    "required" : true,
    "entity" : "SmallTalkEntity",
    "trackingId" : "EB354F88-908F-48A3-98CB-60133E44A7DE"
  } ],
  "exampleData" : [ {
    "sentence" : "how old are you",
    "trackingId" : "D880757D-7DD6-431D-98B8-266FA2593C3F",
    "translated" : null,
    "detectedLanguage" : null,
    "translatedLanguage" : null,
    "translatedBy" : null,
    "exampleEntities" : [ ]
  }, {
    "sentence" : "do you know your age",
    "trackingId" : "BB83EB5B-6FD3-4AB2-A10D-EEC17217C0E2",
    "translated" : null,
    "detectedLanguage" : null,
    "translatedLanguage" : null,
    "translatedBy" : null,
    "exampleEntities" : [ ]
  }, {
    "sentence" : "what is your age",
    "trackingId" : "D872703C-7890-47EE-937F-A0E6760957CD",
    "translated" : null,
    "detectedLanguage" : null,
    "translatedLanguage" : null,
    "translatedBy" : null,
    "exampleEntities" : [ ]
  }, {
    "sentence" : "are you old",
    "trackingId" : "AF82BEA5-6444-4919-8D74-C0D2CFC02EDB",
    "translated" : null,
    "detectedLanguage" : null,
    "translatedLanguage" : null,
    "translatedBy" : null,
    "exampleEntities" : [ ]
  }, {
    "sentence" : "how old are you now",
    "trackingId" : "26D1CDEB-F8BD-435F-91C5-491ABAEB2595",
    "translated" : null,
    "detectedLanguage" : null,
    "translatedLanguage" : null,
    "translatedBy" : null,
    "exampleEntities" : [ ]
  } ],
  "autoCompleteData" : [ ]
}