{
  "name" : "AskAboutTheDay",
  "type" : "NLPIntent",
  "trackingId" : "1DC6F768-685F-49D9-9D2E-A22E0E270CAB",
  "enabled" : true,
  "intentParameters" : [ {
    "name" : "SmallTalkEntity",
    "required" : true,
    "entity" : "SmallTalkEntity",
    "trackingId" : "0A73FCF6-A28C-4E70-8804-60E53C5D5A9C"
  } ],
  "exampleData" : [ {
    "sentence" : "today is what",
    "trackingId" : "7B56272F-FB12-4A3A-AB38-D344140C335A",
    "translated" : null,
    "detectedLanguage" : null,
    "translatedLanguage" : null,
    "translatedBy" : null,
    "exampleEntities" : [ ]
  }, {
    "sentence" : "what is the day today",
    "trackingId" : "6735353A-50F1-492B-BE2C-D41051F88382",
    "translated" : null,
    "detectedLanguage" : null,
    "translatedLanguage" : null,
    "translatedBy" : null,
    "exampleEntities" : [ ]
  }, {
    "sentence" : "what is today",
    "trackingId" : "407A67B5-5D1A-4BA5-871E-C878C331E255",
    "translated" : null,
    "detectedLanguage" : null,
    "translatedLanguage" : null,
    "translatedBy" : null,
    "exampleEntities" : [ ]
  }, {
    "sentence" : "show me the date",
    "trackingId" : "CF5DC4C4-76BD-41DF-9F62-E19BDEC3F071",
    "translated" : null,
    "detectedLanguage" : null,
    "translatedLanguage" : null,
    "translatedBy" : null,
    "exampleEntities" : [ ]
  }, {
    "sentence" : "what day is it today",
    "trackingId" : "B8928247-D6A7-4F92-B1B9-9FD61C7AC24E",
    "translated" : null,
    "detectedLanguage" : null,
    "translatedLanguage" : null,
    "translatedBy" : null,
    "exampleEntities" : [ ]
  }, {
    "sentence" : "what day is now",
    "trackingId" : "61AC5289-F231-4B60-B5B1-D9F2434FE7B1",
    "translated" : null,
    "detectedLanguage" : null,
    "translatedLanguage" : null,
    "translatedBy" : null,
    "exampleEntities" : [ ]
  }, {
    "sentence" : "what is the current date",
    "trackingId" : "178FABA3-A2BE-45DF-A859-523901C0B742",
    "translated" : null,
    "detectedLanguage" : null,
    "translatedLanguage" : null,
    "translatedBy" : null,
    "exampleEntities" : [ ]
  } ],
  "autoCompleteData" : [ ]
}