{
  "name" : "AskAboutTheTime",
  "type" : "NLPIntent",
  "trackingId" : "81AF4C35-80A4-441F-B204-92E375FEE476",
  "enabled" : true,
  "intentParameters" : [ {
    "name" : "SmallTalkEntity",
    "required" : true,
    "entity" : "SmallTalkEntity",
    "trackingId" : "D6650073-A683-404B-A418-FE666FC851E0"
  } ],
  "exampleData" : [ {
    "sentence" : "what time is it now",
    "trackingId" : "025404A0-9DDB-4612-804B-2019764C3E57",
    "translated" : null,
    "detectedLanguage" : null,
    "translatedLanguage" : null,
    "translatedBy" : null,
    "exampleEntities" : [ ]
  }, {
    "sentence" : "what is the current time",
    "trackingId" : "933EA1C7-E2D5-4D92-91FE-95C38C5D8C89",
    "translated" : null,
    "detectedLanguage" : null,
    "translatedLanguage" : null,
    "translatedBy" : null,
    "exampleEntities" : [ ]
  }, {
    "sentence" : "what time is it",
    "trackingId" : "928B8F00-826E-43D1-9471-DB21B5BFB4DD",
    "translated" : null,
    "detectedLanguage" : null,
    "translatedLanguage" : null,
    "translatedBy" : null,
    "exampleEntities" : [ ]
  }, {
    "sentence" : "the time please",
    "trackingId" : "81A0072D-A07C-42B3-821F-C78315AFCBE7",
    "translated" : null,
    "detectedLanguage" : null,
    "translatedLanguage" : null,
    "translatedBy" : null,
    "exampleEntities" : [ ]
  }, {
    "sentence" : "tell me the time",
    "trackingId" : "49D4B630-0F7F-4EB5-8E62-12F24EF95012",
    "translated" : null,
    "detectedLanguage" : null,
    "translatedLanguage" : null,
    "translatedBy" : null,
    "exampleEntities" : [ ]
  }, {
    "sentence" : "what is your time",
    "trackingId" : "B49A1B15-90A0-4FCE-AF7E-0C5561A20A0C",
    "translated" : null,
    "detectedLanguage" : null,
    "translatedLanguage" : null,
    "translatedBy" : null,
    "exampleEntities" : [ ]
  } ],
  "autoCompleteData" : [ ]
}