{
  "name" : "AskAboutFood",
  "type" : "NLPIntent",
  "trackingId" : "EBDD3151-9EEE-46F2-8ADE-378B640D65A3",
  "enabled" : true,
  "intentParameters" : [ {
    "name" : "SmallTalkEntity",
    "required" : true,
    "entity" : "SmallTalkEntity",
    "trackingId" : "C7B1FCD6-6125-4EE8-B4F6-384C6F5B279E"
  } ],
  "exampleData" : [ {
    "sentence" : "are you smart enough to know what is for dinner today",
    "trackingId" : "A2A679BD-2535-4A58-93A6-CAF3CEFFD32C",
    "translated" : null,
    "detectedLanguage" : null,
    "translatedLanguage" : null,
    "translatedBy" : null,
    "exampleEntities" : [ ]
  }, {
    "sentence" : "what is for lunch",
    "trackingId" : "D4E44353-19AB-4152-BF6E-FA65D106EB2B",
    "translated" : null,
    "detectedLanguage" : null,
    "translatedLanguage" : null,
    "translatedBy" : null,
    "exampleEntities" : [ ]
  }, {
    "sentence" : "what can you cook",
    "trackingId" : "3B53452D-C2B7-4E92-A01C-2F01C00246F8",
    "translated" : null,
    "detectedLanguage" : null,
    "translatedLanguage" : null,
    "translatedBy" : null,
    "exampleEntities" : [ ]
  }, {
    "sentence" : "gimme some breakfast",
    "trackingId" : "1CB24B6C-BDE1-4622-8766-8B2FDF331C58",
    "translated" : null,
    "detectedLanguage" : null,
    "translatedLanguage" : null,
    "translatedBy" : null,
    "exampleEntities" : [ ]
  }, {
    "sentence" : "what's for dinner today",
    "trackingId" : "A2763131-0B78-4EDF-891E-90BBCD97CA13",
    "translated" : null,
    "detectedLanguage" : null,
    "translatedLanguage" : null,
    "translatedBy" : null,
    "exampleEntities" : [ ]
  } ],
  "autoCompleteData" : [ ]
}