{
  "name" : "AskAboutCost",
  "trackingId" : "AE7CDA51-F004-4435-8218-1D7D1620FFA6",
  "enabled" : true,
  "intentParameters" : [ {
    "name" : "SmallTalkEntity",
    "required" : true,
    "entity" : "SmallTalkEntity",
    "trackingId" : "6ACEB69B-9F84-4B2B-830A-764EF61D3DCC"
  } ],
  "exampleData" : [ {
    "sentence" : "how much do I need to pay for you",
    "trackingId" : "7CC57B50-2AAB-43F0-B4F7-07D6B65573D0",
    "translated" : null,
    "detectedLanguage" : null,
    "translatedLanguage" : null,
    "translatedBy" : null,
    "exampleEntities" : [ ]
  }, {
    "sentence" : "how much you license cost",
    "trackingId" : "29F3BAFD-96C0-4FC6-955D-7D0A77AD4090",
    "translated" : null,
    "detectedLanguage" : null,
    "translatedLanguage" : null,
    "translatedBy" : null,
    "exampleEntities" : [ ]
  }, {
    "sentence" : "what is your price tag",
    "trackingId" : "F2E32F3A-D76B-4BA3-AEA1-4E8AB4659764",
    "translated" : null,
    "detectedLanguage" : null,
    "translatedLanguage" : null,
    "translatedBy" : null,
    "exampleEntities" : [ ]
  }, {
    "sentence" : "what is your price",
    "trackingId" : "DDD5B70E-1482-4DEF-ACD2-300BF7F99C3A",
    "translated" : null,
    "detectedLanguage" : null,
    "translatedLanguage" : null,
    "translatedBy" : null,
    "exampleEntities" : [ ]
  }, {
    "sentence" : "are you free",
    "trackingId" : "A4F7E318-1033-4D7E-8A5A-7EBB1971C0CF",
    "translated" : null,
    "detectedLanguage" : null,
    "translatedLanguage" : null,
    "translatedBy" : null,
    "exampleEntities" : [ ]
  }, {
    "sentence" : "how much do you cost",
    "trackingId" : "56CD3DB3-766E-414D-AE53-BA89132511BB",
    "translated" : null,
    "detectedLanguage" : null,
    "translatedLanguage" : null,
    "translatedBy" : null,
    "exampleEntities" : [ ]
  } ],
  "autoCompleteData" : [ ]
}