{
  "name" : "AskChannelSupport",
  "trackingId" : "E8BC95ED-069E-42A3-A59E-F9E1FFFC90FD",
  "enabled" : true,
  "intentParameters" : [ {
    "name" : "SmallTalkEntity",
    "required" : true,
    "entity" : "SmallTalkEntity",
    "trackingId" : "3B99879C-0BEF-4736-9ACA-DC0A75808461"
  } ],
  "exampleData" : [ {
    "sentence" : "do you work with Facebook Messenger",
    "trackingId" : "01B57320-F192-4E9B-868A-6D134A37CDA2",
    "translated" : null,
    "detectedLanguage" : null,
    "translatedLanguage" : null,
    "translatedBy" : null,
    "exampleEntities" : [ ]
  }, {
    "sentence" : "what other messaging platforms do you support",
    "trackingId" : "AEB79BAB-2066-423B-9A70-DCF48F8C55CA",
    "translated" : null,
    "detectedLanguage" : null,
    "translatedLanguage" : null,
    "translatedBy" : null,
    "exampleEntities" : [ ]
  }, {
    "sentence" : "do you support alexa",
    "trackingId" : "D8DA7169-4937-42AD-A6AA-9886CD2B33A3",
    "translated" : null,
    "detectedLanguage" : null,
    "translatedLanguage" : null,
    "translatedBy" : null,
    "exampleEntities" : [ ]
  }, {
    "sentence" : "do you work with facebook",
    "trackingId" : "168AA777-28BE-4C70-B6FA-9F6492571D7D",
    "translated" : null,
    "detectedLanguage" : null,
    "translatedLanguage" : null,
    "translatedBy" : null,
    "exampleEntities" : [ ]
  }, {
    "sentence" : "can you work with alexa",
    "trackingId" : "57847AE2-898D-44BA-9A8A-64199F634A07",
    "translated" : null,
    "detectedLanguage" : null,
    "translatedLanguage" : null,
    "translatedBy" : null,
    "exampleEntities" : [ ]
  }, {
    "sentence" : "what channels do you support",
    "trackingId" : "10B492B3-1C10-4A0B-A3AA-5A12FFB9AC18",
    "translated" : null,
    "detectedLanguage" : null,
    "translatedLanguage" : null,
    "translatedBy" : null,
    "exampleEntities" : [ ]
  }, {
    "sentence" : "show me which channels you support",
    "trackingId" : "BD582FB6-9904-4364-9432-BDE9D2BDCFD3",
    "translated" : null,
    "detectedLanguage" : null,
    "translatedLanguage" : null,
    "translatedBy" : null,
    "exampleEntities" : [ ]
  } ],
  "autoCompleteData" : [ ]
}