{
  "name" : "AskForAJoke",
  "trackingId" : "4A09DC7A-9F5F-4C1C-A09D-D2FF44535883",
  "enabled" : true,
  "intentParameters" : [ {
    "name" : "SmallTalkEntity",
    "required" : true,
    "entity" : "SmallTalkEntity",
    "trackingId" : "B6C2947D-C19B-43C3-AD65-1B39BEA09AEA"
  } ],
  "exampleData" : [ {
    "sentence" : "can you do something funny",
    "trackingId" : "A1138EC4-E5C5-4C24-8585-BC7546B30103",
    "translated" : null,
    "detectedLanguage" : null,
    "translatedLanguage" : null,
    "translatedBy" : null,
    "exampleEntities" : [ ]
  }, {
    "sentence" : "give me a joke",
    "trackingId" : "460CB263-F56E-4E23-AA29-3B0341765151",
    "translated" : null,
    "detectedLanguage" : null,
    "translatedLanguage" : null,
    "translatedBy" : null,
    "exampleEntities" : [ ]
  }, {
    "sentence" : "tell me a good joke",
    "trackingId" : "92BF078D-3862-4291-93BB-35E240FACA2B",
    "translated" : null,
    "detectedLanguage" : null,
    "translatedLanguage" : null,
    "translatedBy" : null,
    "exampleEntities" : [ ]
  }, {
    "sentence" : "any jokes",
    "trackingId" : "823FC549-C1E4-4C0D-B716-570BC6332961",
    "translated" : null,
    "detectedLanguage" : null,
    "translatedLanguage" : null,
    "translatedBy" : null,
    "exampleEntities" : [ ]
  }, {
    "sentence" : "say something funny",
    "trackingId" : "E4097A62-6637-488C-BBBF-9ABDE0FF7F37",
    "translated" : null,
    "detectedLanguage" : null,
    "translatedLanguage" : null,
    "translatedBy" : null,
    "exampleEntities" : [ ]
  }, {
    "sentence" : "can you crack a joke",
    "trackingId" : "F6965F9B-1E2F-4449-8387-8051973BACEC",
    "translated" : null,
    "detectedLanguage" : null,
    "translatedLanguage" : null,
    "translatedBy" : null,
    "exampleEntities" : [ ]
  }, {
    "sentence" : "show me something funny",
    "trackingId" : "EA3717EA-B519-4AC5-A9B2-0846B0A66500",
    "translated" : null,
    "detectedLanguage" : null,
    "translatedLanguage" : null,
    "translatedBy" : null,
    "exampleEntities" : [ ]
  }, {
    "sentence" : "can you tell a joke",
    "trackingId" : "C9FD28BD-A2F5-47C5-965C-D6A394C31174",
    "translated" : null,
    "detectedLanguage" : null,
    "translatedLanguage" : null,
    "translatedBy" : null,
    "exampleEntities" : [ ]
  }, {
    "sentence" : "joke please",
    "trackingId" : "6C1EC41E-7036-4907-864F-F5786F909D33",
    "translated" : null,
    "detectedLanguage" : null,
    "translatedLanguage" : null,
    "translatedBy" : null,
    "exampleEntities" : [ ]
  }, {
    "sentence" : "tell me something funny",
    "trackingId" : "EAD0057C-3D97-4594-912B-E97668FF56B0",
    "translated" : null,
    "detectedLanguage" : null,
    "translatedLanguage" : null,
    "translatedBy" : null,
    "exampleEntities" : [ ]
  }, {
    "sentence" : "give me a joke",
    "trackingId" : "4F65DBD2-8F84-469A-B33B-5CEFC19DBBCC",
    "translated" : null,
    "detectedLanguage" : null,
    "translatedLanguage" : null,
    "translatedBy" : null,
    "exampleEntities" : [ ]
  }, {
    "sentence" : "say a joke",
    "trackingId" : "34B71A88-1A6B-4F78-8392-D66872FCD606",
    "translated" : null,
    "detectedLanguage" : null,
    "translatedLanguage" : null,
    "translatedBy" : null,
    "exampleEntities" : [ ]
  }, {
    "sentence" : "can you tell me something funny",
    "trackingId" : "595271F8-8FC9-46E9-960D-DA69B4CF9E9F",
    "translated" : null,
    "detectedLanguage" : null,
    "translatedLanguage" : null,
    "translatedBy" : null,
    "exampleEntities" : [ ]
  }, {
    "sentence" : "what is your funniest joke",
    "trackingId" : "9DA4AAED-D818-4626-86E8-77AC252ECCB6",
    "translated" : null,
    "detectedLanguage" : null,
    "translatedLanguage" : null,
    "translatedBy" : null,
    "exampleEntities" : [ ]
  }, {
    "sentence" : "I want a joke",
    "trackingId" : "E1AD5DCC-8AE2-429D-B74F-BDABB2FCABA5",
    "translated" : null,
    "detectedLanguage" : null,
    "translatedLanguage" : null,
    "translatedBy" : null,
    "exampleEntities" : [ ]
  }, {
    "sentence" : "what funny jokes do you have",
    "trackingId" : "36A8FAEC-358B-4045-B373-C7EB55442593",
    "translated" : null,
    "detectedLanguage" : null,
    "translatedLanguage" : null,
    "translatedBy" : null,
    "exampleEntities" : [ ]
  }, {
    "sentence" : "tell me a joke",
    "trackingId" : "B4C774B7-D665-43C3-89E9-35D863EFF2AB",
    "translated" : null,
    "detectedLanguage" : null,
    "translatedLanguage" : null,
    "translatedBy" : null,
    "exampleEntities" : [ ]
  }, {
    "sentence" : "have you got a joke",
    "trackingId" : "67CA35B6-F192-466D-BE07-8D65D8DFCD3C",
    "translated" : null,
    "detectedLanguage" : null,
    "translatedLanguage" : null,
    "translatedBy" : null,
    "exampleEntities" : [ ]
  }, {
    "sentence" : "I want a funny joke",
    "trackingId" : "703A9232-B61D-45E5-A3AF-1C6E76CF7404",
    "translated" : null,
    "detectedLanguage" : null,
    "translatedLanguage" : null,
    "translatedBy" : null,
    "exampleEntities" : [ ]
  }, {
    "sentence" : "tell me a funny joke",
    "trackingId" : "0D80D5D8-F26F-4A8A-A19B-D230CE1789BB",
    "translated" : null,
    "detectedLanguage" : null,
    "translatedLanguage" : null,
    "translatedBy" : null,
    "exampleEntities" : [ ]
  }, {
    "sentence" : "what jokes do you have",
    "trackingId" : "C872819B-EE5D-4E63-93C7-BEBC20F79617",
    "translated" : null,
    "detectedLanguage" : null,
    "translatedLanguage" : null,
    "translatedBy" : null,
    "exampleEntities" : [ ]
  }, {
    "sentence" : "tell me another one joke",
    "trackingId" : "679C125C-5743-4D46-BDC1-3BFB223FD71D",
    "translated" : null,
    "detectedLanguage" : null,
    "translatedLanguage" : null,
    "translatedBy" : null,
    "exampleEntities" : [ ]
  } ],
  "autoCompleteData" : [ ]
}