{
  "name" : "AskLocation",
  "trackingId" : "5A1DECF3-A985-43F4-9470-B85A393F6EB9",
  "enabled" : true,
  "intentParameters" : [ {
    "name" : "SmallTalkEntity",
    "required" : true,
    "entity" : "SmallTalkEntity",
    "trackingId" : "5F74A5E0-5D0E-4D5E-B5EB-FC294E952190"
  } ],
  "exampleData" : [ {
    "sentence" : "can you tell me where you come from",
    "trackingId" : "DF6ED1F2-2EEB-48E7-96AE-252999E26FD0",
    "translated" : null,
    "detectedLanguage" : null,
    "translatedLanguage" : null,
    "translatedBy" : null,
    "exampleEntities" : [ ]
  }, {
    "sentence" : "where you come from",
    "trackingId" : "4939495D-AEE2-45B3-B99B-DBE01C80A015",
    "translated" : null,
    "detectedLanguage" : null,
    "translatedLanguage" : null,
    "translatedBy" : null,
    "exampleEntities" : [ ]
  }, {
    "sentence" : "current location",
    "trackingId" : "D530354D-0EF0-4CEA-B7DC-23E6FACEB23A",
    "translated" : null,
    "detectedLanguage" : null,
    "translatedLanguage" : null,
    "translatedBy" : null,
    "exampleEntities" : [ ]
  }, {
    "sentence" : "where do you live",
    "trackingId" : "B31AA4E4-375E-45F4-B31A-911F748549BF",
    "translated" : null,
    "detectedLanguage" : null,
    "translatedLanguage" : null,
    "translatedBy" : null,
    "exampleEntities" : [ ]
  }, {
    "sentence" : "where are you based",
    "trackingId" : "C418286F-3D34-4BEC-B88B-F66E601B4821",
    "translated" : null,
    "detectedLanguage" : null,
    "translatedLanguage" : null,
    "translatedBy" : null,
    "exampleEntities" : [ ]
  }, {
    "sentence" : "what is your location",
    "trackingId" : "8E02C509-106A-4628-8665-560FF672E3DC",
    "translated" : null,
    "detectedLanguage" : null,
    "translatedLanguage" : null,
    "translatedBy" : null,
    "exampleEntities" : [ ]
  } ],
  "autoCompleteData" : [ ]
}