{
  "name" : "AskSkills",
  "trackingId" : "41F7F750-8750-4CEE-B523-D4E732DFA270",
  "enabled" : true,
  "intentParameters" : [ {
    "name" : "SmallTalkEntity",
    "required" : true,
    "entity" : "SmallTalkEntity",
    "trackingId" : "CA73E51E-0D4D-4629-893F-7493B9852DB6"
  } ],
  "exampleData" : [ {
    "sentence" : "how can you be helpful",
    "trackingId" : "219BD5ED-BBC8-4946-9009-402DED1620BC",
    "translated" : null,
    "detectedLanguage" : null,
    "translatedLanguage" : null,
    "translatedBy" : null,
    "exampleEntities" : [ ]
  }, {
    "sentence" : "what are your skills",
    "trackingId" : "D892EC84-5134-41A2-B9FB-C035947F737B",
    "translated" : null,
    "detectedLanguage" : null,
    "translatedLanguage" : null,
    "translatedBy" : null,
    "exampleEntities" : [ ]
  }, {
    "sentence" : "what else can you do",
    "trackingId" : "54A88DC1-FF2D-4E09-A546-86414897D115",
    "translated" : null,
    "detectedLanguage" : null,
    "translatedLanguage" : null,
    "translatedBy" : null,
    "exampleEntities" : [ ]
  }, {
    "sentence" : "what can you do",
    "trackingId" : "3C8C0914-D448-46D0-A689-16295220EE67",
    "translated" : null,
    "detectedLanguage" : null,
    "translatedLanguage" : null,
    "translatedBy" : null,
    "exampleEntities" : [ ]
  }, {
    "sentence" : "what have you been trained to do",
    "trackingId" : "CD0EFEE5-5A85-43B6-92B3-2B9A32622796",
    "translated" : null,
    "detectedLanguage" : null,
    "translatedLanguage" : null,
    "translatedBy" : null,
    "exampleEntities" : [ ]
  }, {
    "sentence" : "what can you do for me",
    "trackingId" : "A74E1591-8505-42E8-B90E-5198443CF734",
    "translated" : null,
    "detectedLanguage" : null,
    "translatedLanguage" : null,
    "translatedBy" : null,
    "exampleEntities" : [ ]
  } ],
  "autoCompleteData" : [ ]
}