{
  "name" : "AskToRepeat",
  "trackingId" : "A5A7ABBE-0758-4B8C-92E0-EC91AB54E71A",
  "enabled" : true,
  "intentParameters" : [ {
    "name" : "SmallTalkEntity",
    "required" : true,
    "entity" : "SmallTalkEntity",
    "trackingId" : "4F354E63-0AB3-4B81-942D-C9536EFE347F"
  } ],
  "exampleData" : [ {
    "sentence" : "say that again",
    "trackingId" : "FEFDE0F4-214C-426E-8111-8E3BBE9F5C35",
    "translated" : null,
    "detectedLanguage" : null,
    "translatedLanguage" : null,
    "translatedBy" : null,
    "exampleEntities" : [ ]
  }, {
    "sentence" : "tell me another one",
    "trackingId" : "734AF16F-ED9B-44FA-8B8C-A219C3421AD2",
    "translated" : null,
    "detectedLanguage" : null,
    "translatedLanguage" : null,
    "translatedBy" : null,
    "exampleEntities" : [ ]
  }, {
    "sentence" : "again",
    "trackingId" : "1C2110DF-EF09-49CF-A152-C15AF13AE9BE",
    "translated" : null,
    "detectedLanguage" : null,
    "translatedLanguage" : null,
    "translatedBy" : null,
    "exampleEntities" : [ ]
  }, {
    "sentence" : "repeat that please",
    "trackingId" : "791ACCBB-6BF1-49FD-A6F5-674D2C6AD0CA",
    "translated" : null,
    "detectedLanguage" : null,
    "translatedLanguage" : null,
    "translatedBy" : null,
    "exampleEntities" : [ ]
  }, {
    "sentence" : "can you repeat",
    "trackingId" : "9E1D4603-EAC7-49B5-A555-F0EC32FE681D",
    "translated" : null,
    "detectedLanguage" : null,
    "translatedLanguage" : null,
    "translatedBy" : null,
    "exampleEntities" : [ ]
  }, {
    "sentence" : "tell that again",
    "trackingId" : "CF45A660-206E-4198-AD91-ED272EFF34FC",
    "translated" : null,
    "detectedLanguage" : null,
    "translatedLanguage" : null,
    "translatedBy" : null,
    "exampleEntities" : [ ]
  }, {
    "sentence" : "repeat that",
    "trackingId" : "D0E9FC0B-BAC9-4672-B6F1-3107E336C053",
    "translated" : null,
    "detectedLanguage" : null,
    "translatedLanguage" : null,
    "translatedBy" : null,
    "exampleEntities" : [ ]
  } ],
  "autoCompleteData" : [ ]
}