{
  "name" : "AskTechnologyUsed",
  "trackingId" : "35C2F320-D2C7-498C-A846-AC29249A5209",
  "enabled" : true,
  "intentParameters" : [ {
    "name" : "SmallTalkEntity",
    "required" : true,
    "entity" : "SmallTalkEntity",
    "trackingId" : "FBA5EAD4-3EE7-4035-9ABC-91ADCB1E9047"
  } ],
  "exampleData" : [ {
    "sentence" : "what is behind our secret source",
    "trackingId" : "BFE6D447-000B-46D6-988B-26F28970A1A3",
    "translated" : null,
    "detectedLanguage" : null,
    "translatedLanguage" : null,
    "translatedBy" : null,
    "exampleEntities" : [ ]
  }, {
    "sentence" : "what technologies do you use",
    "trackingId" : "F3933C78-519F-481B-B630-F9D4C26526CF",
    "translated" : null,
    "detectedLanguage" : null,
    "translatedLanguage" : null,
    "translatedBy" : null,
    "exampleEntities" : [ ]
  }, {
    "sentence" : "what is your technology stack",
    "trackingId" : "A96785D0-A656-443C-BED1-E9F75E85044A",
    "translated" : null,
    "detectedLanguage" : null,
    "translatedLanguage" : null,
    "translatedBy" : null,
    "exampleEntities" : [ ]
  }, {
    "sentence" : "what technology are you built on",
    "trackingId" : "99176E87-9C1F-43DD-98EA-66A4CB0487AC",
    "translated" : null,
    "detectedLanguage" : null,
    "translatedLanguage" : null,
    "translatedBy" : null,
    "exampleEntities" : [ ]
  }, {
    "sentence" : "do you know your technology stack",
    "trackingId" : "D2BE52DC-EC7D-4E5D-87D6-335E1EC32CCE",
    "translated" : null,
    "detectedLanguage" : null,
    "translatedLanguage" : null,
    "translatedBy" : null,
    "exampleEntities" : [ ]
  } ],
  "autoCompleteData" : [ ]
}