{
  "name" : "AskVoiceChannelSupport",
  "trackingId" : "3A26F354-4403-412C-890C-6602DEEBF194",
  "enabled" : true,
  "intentParameters" : [ {
    "name" : "SmallTalkEntity",
    "required" : true,
    "entity" : "SmallTalkEntity",
    "trackingId" : "EDC8FF64-30F7-415C-BEAF-4CD45AAF73AE"
  } ],
  "exampleData" : [ {
    "sentence" : "what voice assistance do you support",
    "trackingId" : "08520554-86F3-425F-97C1-3DCF082A2909",
    "translated" : null,
    "detectedLanguage" : null,
    "translatedLanguage" : null,
    "translatedBy" : null,
    "exampleEntities" : [ ]
  }, {
    "sentence" : "what is your voice support",
    "trackingId" : "218D3105-3C09-4A1F-9CD5-946C5DC3C968",
    "translated" : null,
    "detectedLanguage" : null,
    "translatedLanguage" : null,
    "translatedBy" : null,
    "exampleEntities" : [ ]
  }, {
    "sentence" : "any voice assistants support",
    "trackingId" : "E54E3CFA-8897-491D-92C1-070C33A6BD8F",
    "translated" : null,
    "detectedLanguage" : null,
    "translatedLanguage" : null,
    "translatedBy" : null,
    "exampleEntities" : [ ]
  }, {
    "sentence" : "do you have any voice",
    "trackingId" : "23B0AC7F-2CE5-4B60-B320-E542EB90FCE5",
    "translated" : null,
    "detectedLanguage" : null,
    "translatedLanguage" : null,
    "translatedBy" : null,
    "exampleEntities" : [ ]
  }, {
    "sentence" : "do you support voice activated assistants",
    "trackingId" : "8A37611A-560E-4D1A-A4C2-C748E74C310E",
    "translated" : null,
    "detectedLanguage" : null,
    "translatedLanguage" : null,
    "translatedBy" : null,
    "exampleEntities" : [ ]
  }, {
    "sentence" : "what is your voice assistance support",
    "trackingId" : "CFA5D3E5-3E8E-4778-8C62-B8E68E2A2FC7",
    "translated" : null,
    "detectedLanguage" : null,
    "translatedLanguage" : null,
    "translatedBy" : null,
    "exampleEntities" : [ ]
  }, {
    "sentence" : "any voice support",
    "trackingId" : "040D713D-E021-4AF6-8F6B-3C064961D6A4",
    "translated" : null,
    "detectedLanguage" : null,
    "translatedLanguage" : null,
    "translatedBy" : null,
    "exampleEntities" : [ ]
  } ],
  "autoCompleteData" : [ ]
}