{
  "name" : "BadExperience",
  "type" : "NLPIntent",
  "trackingId" : "DA696445-7DB0-4B51-B751-ABB5FA4BF59B",
  "enabled" : true,
  "intentParameters" : [ {
    "name" : "SmallTalkEntity",
    "required" : true,
    "entity" : "SmallTalkEntity",
    "trackingId" : "5D249A6B-6383-47F1-8C74-84BF1A9186F8"
  } ],
  "exampleData" : [ {
    "sentence" : "you stupid",
    "trackingId" : "9B76D02C-A486-4D18-AAF3-67531B1DDD8B",
    "translated" : null,
    "detectedLanguage" : null,
    "translatedLanguage" : null,
    "translatedBy" : null,
    "exampleEntities" : [ ]
  }, {
    "sentence" : "you suck",
    "trackingId" : "39E3B43E-46E7-446A-8C57-6B4E7D7FBC18",
    "translated" : null,
    "detectedLanguage" : null,
    "translatedLanguage" : null,
    "translatedBy" : null,
    "exampleEntities" : [ ]
  }, {
    "sentence" : "you are bad bot, I am not happy",
    "trackingId" : "EE472BD0-CD90-4E6E-90B4-D95AB2E8716B",
    "translated" : null,
    "detectedLanguage" : null,
    "translatedLanguage" : null,
    "translatedBy" : null,
    "exampleEntities" : [ ]
  }, {
    "sentence" : "this bot is fucked",
    "trackingId" : "168E7747-F352-47AD-8C97-BD76AB3381D4",
    "translated" : null,
    "detectedLanguage" : null,
    "translatedLanguage" : null,
    "translatedBy" : null,
    "exampleEntities" : [ ]
  }, {
    "sentence" : "I am angry",
    "trackingId" : "6D126434-B004-45AB-A9A8-6A8C94D4FC25",
    "translated" : null,
    "detectedLanguage" : null,
    "translatedLanguage" : null,
    "translatedBy" : null,
    "exampleEntities" : [ ]
  }, {
    "sentence" : "your an idiot",
    "trackingId" : "C4877D51-265C-407E-8ADB-9119AA70F88A",
    "translated" : null,
    "detectedLanguage" : null,
    "translatedLanguage" : null,
    "translatedBy" : null,
    "exampleEntities" : [ ]
  }, {
    "sentence" : "you are so stupied",
    "trackingId" : "B1BA471C-6ABD-4E5C-BF51-12473DC6F2AD",
    "translated" : null,
    "detectedLanguage" : null,
    "translatedLanguage" : null,
    "translatedBy" : null,
    "exampleEntities" : [ ]
  }, {
    "sentence" : "this bot sucks",
    "trackingId" : "0932E6C7-525F-4B77-9533-CE8FB1FAFF1D",
    "translated" : null,
    "detectedLanguage" : null,
    "translatedLanguage" : null,
    "translatedBy" : null,
    "exampleEntities" : [ ]
  }, {
    "sentence" : "this bot sux",
    "trackingId" : "0A88B231-12CF-42F1-8FDC-275C70073BD2",
    "translated" : null,
    "detectedLanguage" : null,
    "translatedLanguage" : null,
    "translatedBy" : null,
    "exampleEntities" : [ ]
  }, {
    "sentence" : "what a shit chatbot",
    "trackingId" : "F61DDBA9-61E0-4B8E-ADEA-24358DF6D5A2",
    "translated" : null,
    "detectedLanguage" : null,
    "translatedLanguage" : null,
    "translatedBy" : null,
    "exampleEntities" : [ ]
  }, {
    "sentence" : "this is te worst chatbot ever",
    "trackingId" : "7121B958-756F-49D2-93F0-FBDB82064AED",
    "translated" : null,
    "detectedLanguage" : null,
    "translatedLanguage" : null,
    "translatedBy" : null,
    "exampleEntities" : [ ]
  }, {
    "sentence" : "this is shit",
    "trackingId" : "E2C2B3EE-A3C4-4DEB-A33D-D87D49F424EB",
    "translated" : null,
    "detectedLanguage" : null,
    "translatedLanguage" : null,
    "translatedBy" : null,
    "exampleEntities" : [ ]
  }, {
    "sentence" : "this is fucked",
    "trackingId" : "B3EECAB6-CD01-4D82-9F8A-836FDF677694",
    "translated" : null,
    "detectedLanguage" : null,
    "translatedLanguage" : null,
    "translatedBy" : null,
    "exampleEntities" : [ ]
  }, {
    "sentence" : "what a crap chatbot",
    "trackingId" : "CD6FB843-31ED-4E0F-9799-20A427570AA1",
    "translated" : null,
    "detectedLanguage" : null,
    "translatedLanguage" : null,
    "translatedBy" : null,
    "exampleEntities" : [ ]
  }, {
    "sentence" : "not happy with the answer",
    "trackingId" : "F31C5078-356E-402E-98FB-AC8971C9093C",
    "translated" : null,
    "detectedLanguage" : null,
    "translatedLanguage" : null,
    "translatedBy" : null,
    "exampleEntities" : [ ]
  }, {
    "sentence" : "what a fucked bot",
    "trackingId" : "95C6BC4C-5AB3-40EC-BFA7-E7FA4C71B9E0",
    "translated" : null,
    "detectedLanguage" : null,
    "translatedLanguage" : null,
    "translatedBy" : null,
    "exampleEntities" : [ ]
  }, {
    "sentence" : "this chatbot is shit",
    "trackingId" : "874C4A20-FB84-4149-BFFD-5FFB65165C69",
    "translated" : null,
    "detectedLanguage" : null,
    "translatedLanguage" : null,
    "translatedBy" : null,
    "exampleEntities" : [ ]
  }, {
    "sentence" : "stupid answer",
    "trackingId" : "9A89DAC2-C74C-41C9-AD45-1616D467CD7D",
    "translated" : null,
    "detectedLanguage" : null,
    "translatedLanguage" : null,
    "translatedBy" : null,
    "exampleEntities" : [ ]
  }, {
    "sentence" : "this bot is useless",
    "trackingId" : "B96D8EE0-9AE5-4833-8982-845CBE94CA10",
    "translated" : null,
    "detectedLanguage" : null,
    "translatedLanguage" : null,
    "translatedBy" : null,
    "exampleEntities" : [ ]
  }, {
    "sentence" : "bot sux",
    "trackingId" : "58F9B9C1-6EA5-491D-926D-274E9B67C21E",
    "translated" : null,
    "detectedLanguage" : null,
    "translatedLanguage" : null,
    "translatedBy" : null,
    "exampleEntities" : [ ]
  }, {
    "sentence" : "what a shit bot",
    "trackingId" : "421FD77A-97F6-4E0B-90F2-1F370FFF8096",
    "translated" : null,
    "detectedLanguage" : null,
    "translatedLanguage" : null,
    "translatedBy" : null,
    "exampleEntities" : [ ]
  }, {
    "sentence" : "you're shit",
    "trackingId" : "DCE0547C-E257-4AB9-B07C-D854B93AF721",
    "translated" : null,
    "detectedLanguage" : null,
    "translatedLanguage" : null,
    "translatedBy" : null,
    "exampleEntities" : [ ]
  }, {
    "sentence" : "you suck",
    "trackingId" : "F26F3D6B-8B38-44C4-9CB9-8511FE40B3A2",
    "translated" : null,
    "detectedLanguage" : null,
    "translatedLanguage" : null,
    "translatedBy" : null,
    "exampleEntities" : [ ]
  }, {
    "sentence" : "you are bad bot",
    "trackingId" : "0FA45674-2B90-4B1B-9777-F814B0D1A421",
    "translated" : null,
    "detectedLanguage" : null,
    "translatedLanguage" : null,
    "translatedBy" : null,
    "exampleEntities" : [ ]
  }, {
    "sentence" : "chatbot sucks",
    "trackingId" : "D7A62755-15ED-4919-952F-F70E549AA87A",
    "translated" : null,
    "detectedLanguage" : null,
    "translatedLanguage" : null,
    "translatedBy" : null,
    "exampleEntities" : [ ]
  }, {
    "sentence" : "what a crap bot",
    "trackingId" : "18741559-FE85-469C-AE11-21F9ABD992AD",
    "translated" : null,
    "detectedLanguage" : null,
    "translatedLanguage" : null,
    "translatedBy" : null,
    "exampleEntities" : [ ]
  }, {
    "sentence" : "this chatbot is useless",
    "trackingId" : "D88D2577-0315-4819-844F-D7CF5CAE5FE0",
    "translated" : null,
    "detectedLanguage" : null,
    "translatedLanguage" : null,
    "translatedBy" : null,
    "exampleEntities" : [ ]
  }, {
    "sentence" : "you re stupid",
    "trackingId" : "EE3C53C3-8FEF-4544-AC13-CDEE2289D5BE",
    "translated" : null,
    "detectedLanguage" : null,
    "translatedLanguage" : null,
    "translatedBy" : null,
    "exampleEntities" : [ ]
  }, {
    "sentence" : "ure stupid",
    "trackingId" : "5980AF1F-17E4-4E70-8A00-5928F470BB5F",
    "translated" : null,
    "detectedLanguage" : null,
    "translatedLanguage" : null,
    "translatedBy" : null,
    "exampleEntities" : [ ]
  }, {
    "sentence" : "what a useless bot",
    "trackingId" : "2980D1CA-9357-4C0A-9A23-58528FB5571D",
    "translated" : null,
    "detectedLanguage" : null,
    "translatedLanguage" : null,
    "translatedBy" : null,
    "exampleEntities" : [ ]
  }, {
    "sentence" : "this bot is stupid",
    "trackingId" : "DAACBE3D-6FDC-4F82-969E-98EDC55635EA",
    "translated" : null,
    "detectedLanguage" : null,
    "translatedLanguage" : null,
    "translatedBy" : null,
    "exampleEntities" : [ ]
  }, {
    "sentence" : "you're stupied",
    "trackingId" : "713330B7-9542-4484-9605-76E0B52A31A2",
    "translated" : null,
    "detectedLanguage" : null,
    "translatedLanguage" : null,
    "translatedBy" : null,
    "exampleEntities" : [ ]
  }, {
    "sentence" : "you're fucked",
    "trackingId" : "B8AEA146-8F99-415B-83F6-54D572F52501",
    "translated" : null,
    "detectedLanguage" : null,
    "translatedLanguage" : null,
    "translatedBy" : null,
    "exampleEntities" : [ ]
  }, {
    "sentence" : "chatbot sux",
    "trackingId" : "E346A5DE-0603-4D47-A740-814B7053099C",
    "translated" : null,
    "detectedLanguage" : null,
    "translatedLanguage" : null,
    "translatedBy" : null,
    "exampleEntities" : [ ]
  }, {
    "sentence" : "you sux",
    "trackingId" : "114ECCBA-F72F-4891-9A98-195AEDDC0B34",
    "translated" : null,
    "detectedLanguage" : null,
    "translatedLanguage" : null,
    "translatedBy" : null,
    "exampleEntities" : [ ]
  }, {
    "sentence" : "this chatbot sucks",
    "trackingId" : "2811ED7B-C4DF-400B-8FF8-CBD88B641612",
    "translated" : null,
    "detectedLanguage" : null,
    "translatedLanguage" : null,
    "translatedBy" : null,
    "exampleEntities" : [ ]
  }, {
    "sentence" : "you are the worst bot ever",
    "trackingId" : "2E2E2F6B-9860-4E97-A7B6-DC340545E390",
    "translated" : null,
    "detectedLanguage" : null,
    "translatedLanguage" : null,
    "translatedBy" : null,
    "exampleEntities" : [ ]
  }, {
    "sentence" : "your fucked",
    "trackingId" : "DF162E38-9D91-4EFE-BCC6-A68352EE66A7",
    "translated" : null,
    "detectedLanguage" : null,
    "translatedLanguage" : null,
    "translatedBy" : null,
    "exampleEntities" : [ ]
  }, {
    "sentence" : "your shit",
    "trackingId" : "513ADC4B-1FF6-41C6-9A3E-531315FB3BE0",
    "translated" : null,
    "detectedLanguage" : null,
    "translatedLanguage" : null,
    "translatedBy" : null,
    "exampleEntities" : [ ]
  }, {
    "sentence" : "this chatbot sux",
    "trackingId" : "B6612CD9-0091-4AFB-9438-426BFEFAA4C4",
    "translated" : null,
    "detectedLanguage" : null,
    "translatedLanguage" : null,
    "translatedBy" : null,
    "exampleEntities" : [ ]
  }, {
    "sentence" : "this bot is shit",
    "trackingId" : "0C44F9E4-BAD2-40EF-9F82-AD338807BED6",
    "translated" : null,
    "detectedLanguage" : null,
    "translatedLanguage" : null,
    "translatedBy" : null,
    "exampleEntities" : [ ]
  }, {
    "sentence" : "you're an idiot",
    "trackingId" : "F23D07D7-B974-487F-87C1-C19CD2A2FC68",
    "translated" : null,
    "detectedLanguage" : null,
    "translatedLanguage" : null,
    "translatedBy" : null,
    "exampleEntities" : [ ]
  }, {
    "sentence" : "yours stupid",
    "trackingId" : "545B23D0-9D6C-4A80-A82F-83682B7A2BB7",
    "translated" : null,
    "detectedLanguage" : null,
    "translatedLanguage" : null,
    "translatedBy" : null,
    "exampleEntities" : [ ]
  }, {
    "sentence" : "you are the worst chatbot ever",
    "trackingId" : "8CEB4DCF-5F66-4A49-B89E-73DCC3DA874E",
    "translated" : null,
    "detectedLanguage" : null,
    "translatedLanguage" : null,
    "translatedBy" : null,
    "exampleEntities" : [ ]
  }, {
    "sentence" : "bot sucks",
    "trackingId" : "13A1E5A2-6A15-4D81-A74F-2A0F321FB549",
    "translated" : null,
    "detectedLanguage" : null,
    "translatedLanguage" : null,
    "translatedBy" : null,
    "exampleEntities" : [ ]
  }, {
    "sentence" : "very bad experience so far",
    "trackingId" : "CB66B60E-C716-45E2-A614-C0E633EA9828",
    "translated" : null,
    "detectedLanguage" : null,
    "translatedLanguage" : null,
    "translatedBy" : null,
    "exampleEntities" : [ ]
  }, {
    "sentence" : "you're a idiot",
    "trackingId" : "8A30D729-8416-4337-BEB8-EB2C07E9EF90",
    "translated" : null,
    "detectedLanguage" : null,
    "translatedLanguage" : null,
    "translatedBy" : null,
    "exampleEntities" : [ ]
  }, {
    "sentence" : "this bot is crap",
    "trackingId" : "C0FAF747-A550-4101-A574-8868F6319DC9",
    "translated" : null,
    "detectedLanguage" : null,
    "translatedLanguage" : null,
    "translatedBy" : null,
    "exampleEntities" : [ ]
  }, {
    "sentence" : "this chatbot is fucked",
    "trackingId" : "52435493-671F-408F-B6CC-DE8B2B52CAE1",
    "translated" : null,
    "detectedLanguage" : null,
    "translatedLanguage" : null,
    "translatedBy" : null,
    "exampleEntities" : [ ]
  }, {
    "sentence" : "this is the worst bot ever",
    "trackingId" : "C3CC504A-D2AD-4C29-B2BA-BBC32AA9D278",
    "translated" : null,
    "detectedLanguage" : null,
    "translatedLanguage" : null,
    "translatedBy" : null,
    "exampleEntities" : [ ]
  }, {
    "sentence" : "what a useless chatbot",
    "trackingId" : "81D18C57-7308-4D99-B4EB-5792D4024973",
    "translated" : null,
    "detectedLanguage" : null,
    "translatedLanguage" : null,
    "translatedBy" : null,
    "exampleEntities" : [ ]
  }, {
    "sentence" : "this chatbot is crap",
    "trackingId" : "E3B60E8B-93D9-4DAA-AB45-A010D06CEBA2",
    "translated" : null,
    "detectedLanguage" : null,
    "translatedLanguage" : null,
    "translatedBy" : null,
    "exampleEntities" : [ ]
  }, {
    "sentence" : "what a fucked chatbot",
    "trackingId" : "6969F70D-5093-421C-B805-C5D410B980A2",
    "translated" : null,
    "detectedLanguage" : null,
    "translatedLanguage" : null,
    "translatedBy" : null,
    "exampleEntities" : [ ]
  } ],
  "autoCompleteData" : [ ]
}