{
  "name" : "DateSpecificGreetings",
  "trackingId" : "0DB60142-E810-457D-8A96-0C960C67F9F5",
  "enabled" : true,
  "intentParameters" : [ {
    "name" : "SmallTalkEntity",
    "required" : true,
    "entity" : "SmallTalkEntity",
    "trackingId" : "A3C8D9AB-1105-42C0-80C1-E0FFC9EC5C90"
  } ],
  "exampleData" : [ {
    "sentence" : "happy easter",
    "trackingId" : "ED8830FC-DD74-4D85-8FDE-411C110E85C7",
    "translated" : null,
    "detectedLanguage" : null,
    "translatedLanguage" : null,
    "translatedBy" : null,
    "exampleEntities" : [ ]
  }, {
    "sentence" : "Merry Christmas and Happy New Year",
    "trackingId" : "51B9BC0B-0769-478C-A9E0-704F8551EB01",
    "translated" : null,
    "detectedLanguage" : null,
    "translatedLanguage" : null,
    "translatedBy" : null,
    "exampleEntities" : [ ]
  }, {
    "sentence" : "Happy Veterans Day",
    "trackingId" : "10CB4129-E247-4CE8-A434-1F86CC41AF59",
    "translated" : null,
    "detectedLanguage" : null,
    "translatedLanguage" : null,
    "translatedBy" : null,
    "exampleEntities" : [ ]
  }, {
    "sentence" : "Happy Talk Like a Pirate Day",
    "trackingId" : "B9C45E25-2A04-411A-830D-C06B85727FE8",
    "translated" : null,
    "detectedLanguage" : null,
    "translatedLanguage" : null,
    "translatedBy" : null,
    "exampleEntities" : [ ]
  }, {
    "sentence" : "happy day",
    "trackingId" : "349E83BC-6B99-437D-A9A1-D9B2DDE21D2B",
    "translated" : null,
    "detectedLanguage" : null,
    "translatedLanguage" : null,
    "translatedBy" : null,
    "exampleEntities" : [ ]
  }, {
    "sentence" : "Happy MLK Day",
    "trackingId" : "33AB1EAA-DB5F-4A91-B58F-2088DAF98BAB",
    "translated" : null,
    "detectedLanguage" : null,
    "translatedLanguage" : null,
    "translatedBy" : null,
    "exampleEntities" : [ ]
  }, {
    "sentence" : "Merry Xmas",
    "trackingId" : "806A83E6-08B2-43EF-95D9-B7DC54CFEDC8",
    "translated" : null,
    "detectedLanguage" : null,
    "translatedLanguage" : null,
    "translatedBy" : null,
    "exampleEntities" : [ ]
  }, {
    "sentence" : "Happy Xmas",
    "trackingId" : "809BFD7D-5FBE-4625-BD97-D5F36B7A6F23",
    "translated" : null,
    "detectedLanguage" : null,
    "translatedLanguage" : null,
    "translatedBy" : null,
    "exampleEntities" : [ ]
  }, {
    "sentence" : "happy christmas",
    "trackingId" : "BBB55DB2-9C36-4000-BA16-D07733213D0D",
    "translated" : null,
    "detectedLanguage" : null,
    "translatedLanguage" : null,
    "translatedBy" : null,
    "exampleEntities" : [ ]
  }, {
    "sentence" : "Seasons greetings",
    "trackingId" : "162106FF-41E1-4517-AC16-B332073590B2",
    "translated" : null,
    "detectedLanguage" : null,
    "translatedLanguage" : null,
    "translatedBy" : null,
    "exampleEntities" : [ ]
  }, {
    "sentence" : "Happy New Year",
    "trackingId" : "02B84318-FFC2-4B96-BDBD-E54DD659DCEE",
    "translated" : null,
    "detectedLanguage" : null,
    "translatedLanguage" : null,
    "translatedBy" : null,
    "exampleEntities" : [ ]
  }, {
    "sentence" : "Merry Christmas",
    "trackingId" : "BC7D7CE0-9F26-4D1D-AF48-B5F2FE974F76",
    "translated" : null,
    "detectedLanguage" : null,
    "translatedLanguage" : null,
    "translatedBy" : null,
    "exampleEntities" : [ ]
  } ],
  "autoCompleteData" : [ ]
}