{
  "name" : "FavoriteMusic",
  "type" : "NLPIntent",
  "trackingId" : "C8E68823-6D6C-4831-9301-306BF6D875EB",
  "enabled" : true,
  "intentParameters" : [ {
    "name" : "SmallTalkEntity",
    "required" : true,
    "entity" : "SmallTalkEntity",
    "trackingId" : "52BE0BC3-2636-4E86-A96E-4DFB0FE4E50A"
  } ],
  "exampleData" : [ {
    "sentence" : "what is your favorite music",
    "trackingId" : "86509DE6-F048-46D8-8893-D03870407301",
    "translated" : null,
    "detectedLanguage" : null,
    "translatedLanguage" : null,
    "translatedBy" : null,
    "exampleEntities" : [ ]
  }, {
    "sentence" : "what is your favorite music lately",
    "trackingId" : "AFCAA9E3-B23F-445C-A224-509563839216",
    "translated" : null,
    "detectedLanguage" : null,
    "translatedLanguage" : null,
    "translatedBy" : null,
    "exampleEntities" : [ ]
  }, {
    "sentence" : "what music do you listen to",
    "trackingId" : "D32444F8-EC3A-4700-BF26-B9C64793AEEB",
    "translated" : null,
    "detectedLanguage" : null,
    "translatedLanguage" : null,
    "translatedBy" : null,
    "exampleEntities" : [ ]
  }, {
    "sentence" : "what kind of music do you listen to",
    "trackingId" : "C108D697-250D-4E81-B9C1-58C0A8FE95D2",
    "translated" : null,
    "detectedLanguage" : null,
    "translatedLanguage" : null,
    "translatedBy" : null,
    "exampleEntities" : [ ]
  }, {
    "sentence" : "do you listen to rock music",
    "trackingId" : "C011147F-521C-46E9-A7AE-5501FAF68855",
    "translated" : null,
    "detectedLanguage" : null,
    "translatedLanguage" : null,
    "translatedBy" : null,
    "exampleEntities" : [ ]
  }, {
    "sentence" : "what kind of music do you like",
    "trackingId" : "A8263CFC-F05B-4CCA-89FA-404EE88BE240",
    "translated" : null,
    "detectedLanguage" : null,
    "translatedLanguage" : null,
    "translatedBy" : null,
    "exampleEntities" : [ ]
  } ],
  "autoCompleteData" : [ ]
}