{
  "name" : "FormalTimeGreetingAfternoon",
  "trackingId" : "BF123369-4DA3-4449-9DBD-7A42C9D92A0D",
  "enabled" : true,
  "intentParameters" : [ {
    "name" : "SmallTalkEntity",
    "required" : true,
    "entity" : "SmallTalkEntity",
    "trackingId" : "BBC76FA1-7A7A-425F-957C-7BBEAD562463"
  } ],
  "exampleData" : [ {
    "sentence" : "a good afternoon",
    "trackingId" : "2C8DB196-D679-4CC1-B335-9E6D1285C4CD",
    "translated" : null,
    "detectedLanguage" : null,
    "translatedLanguage" : null,
    "translatedBy" : null,
    "exampleEntities" : [ ]
  }, {
    "sentence" : "nice afternoon",
    "trackingId" : "7AD3B881-94A4-446A-B5B4-CBA5AA7DA677",
    "translated" : null,
    "detectedLanguage" : null,
    "translatedLanguage" : null,
    "translatedBy" : null,
    "exampleEntities" : [ ]
  }, {
    "sentence" : "nice afternoon sir",
    "trackingId" : "C5D29C57-88B8-4B8C-855D-8513339F3CBC",
    "translated" : null,
    "detectedLanguage" : null,
    "translatedLanguage" : null,
    "translatedBy" : null,
    "exampleEntities" : [ ]
  }, {
    "sentence" : "late afternoon bot",
    "trackingId" : "64AA754D-7EDD-4770-A214-83976C715B2B",
    "translated" : null,
    "detectedLanguage" : null,
    "translatedLanguage" : null,
    "translatedBy" : null,
    "exampleEntities" : [ ]
  }, {
    "sentence" : "good afternoon",
    "trackingId" : "F033B66A-9FC9-4EF5-B63D-FC631820206C",
    "translated" : null,
    "detectedLanguage" : null,
    "translatedLanguage" : null,
    "translatedBy" : null,
    "exampleEntities" : [ ]
  } ],
  "autoCompleteData" : [ ]
}