{
  "name" : "FormalTimeGreetingMorning",
  "trackingId" : "AA792240-BE35-47FE-A0F5-483F2C08D681",
  "enabled" : true,
  "intentParameters" : [ {
    "name" : "SmallTalkEntity",
    "required" : true,
    "entity" : "SmallTalkEntity",
    "trackingId" : "FCC03FC7-4F40-4E07-B430-64F7DE912004"
  } ],
  "exampleData" : [ {
    "sentence" : "good morning",
    "trackingId" : "F682DEF2-22EF-471A-9DCB-323357029219",
    "translated" : null,
    "detectedLanguage" : null,
    "translatedLanguage" : null,
    "translatedBy" : null,
    "exampleEntities" : [ ]
  }, {
    "sentence" : "morning morning",
    "trackingId" : "E2A8699A-9756-437F-827A-5382055F9328",
    "translated" : null,
    "detectedLanguage" : null,
    "translatedLanguage" : null,
    "translatedBy" : null,
    "exampleEntities" : [ ]
  }, {
    "sentence" : "have good morning",
    "trackingId" : "9070B6BD-D563-4916-8D1B-7EEED9F8887F",
    "translated" : null,
    "detectedLanguage" : null,
    "translatedLanguage" : null,
    "translatedBy" : null,
    "exampleEntities" : [ ]
  }, {
    "sentence" : "have a nice good morning",
    "trackingId" : "21E450AD-D2AA-4E41-9646-B7761B61451C",
    "translated" : null,
    "detectedLanguage" : null,
    "translatedLanguage" : null,
    "translatedBy" : null,
    "exampleEntities" : [ ]
  }, {
    "sentence" : "morning amigo",
    "trackingId" : "3CBA83E2-0716-44BA-86C4-ACDA765989B8",
    "translated" : null,
    "detectedLanguage" : null,
    "translatedLanguage" : null,
    "translatedBy" : null,
    "exampleEntities" : [ ]
  } ],
  "autoCompleteData" : [ ]
}