{
  "name" : "FormalTimeGreetingEvening",
  "trackingId" : "9C8649BB-2C0B-47DA-97DA-EAE7CCFC6898",
  "enabled" : true,
  "intentParameters" : [ {
    "name" : "SmallTalkEntity",
    "required" : true,
    "entity" : "SmallTalkEntity",
    "trackingId" : "26AB9940-CFF6-4E14-85DF-334D54D0A5AA"
  } ],
  "exampleData" : [ {
    "sentence" : "good evening",
    "trackingId" : "CD9F8BD5-0580-4822-A007-2C0B4F5748C1",
    "translated" : null,
    "detectedLanguage" : null,
    "translatedLanguage" : null,
    "translatedBy" : null,
    "exampleEntities" : [ ]
  }, {
    "sentence" : "great evening sir",
    "trackingId" : "D75E401A-1401-4407-8EAE-364AB9CA0DAE",
    "translated" : null,
    "detectedLanguage" : null,
    "translatedLanguage" : null,
    "translatedBy" : null,
    "exampleEntities" : [ ]
  }, {
    "sentence" : "nice evening",
    "trackingId" : "DF50AA77-FC9F-461C-B533-6C792EF77276",
    "translated" : null,
    "detectedLanguage" : null,
    "translatedLanguage" : null,
    "translatedBy" : null,
    "exampleEntities" : [ ]
  }, {
    "sentence" : "have a good evening",
    "trackingId" : "1C553D59-7618-4B7D-99C5-499A97F2E384",
    "translated" : null,
    "detectedLanguage" : null,
    "translatedLanguage" : null,
    "translatedBy" : null,
    "exampleEntities" : [ ]
  }, {
    "sentence" : "great good evening",
    "trackingId" : "BF370AD3-7C36-4445-9F3A-7419335BE253",
    "translated" : null,
    "detectedLanguage" : null,
    "translatedLanguage" : null,
    "translatedBy" : null,
    "exampleEntities" : [ ]
  } ],
  "autoCompleteData" : [ ]
}