{
  "name" : "GreetingQuestionsAnswersNegative",
  "trackingId" : "EB2661F6-8A56-4D77-B852-DCF627BA70A7",
  "enabled" : true,
  "intentParameters" : [ {
    "name" : "SmallTalkEntity",
    "required" : true,
    "entity" : "SmallTalkEntity",
    "trackingId" : "6F1F1689-845B-497C-9E67-8B419431290F"
  } ],
  "exampleData" : [ {
    "sentence" : "not that well",
    "trackingId" : "AB318064-7B1B-4C28-89BF-3FEFC8F24E42",
    "translated" : null,
    "detectedLanguage" : null,
    "translatedLanguage" : null,
    "translatedBy" : null,
    "exampleEntities" : [ ]
  }, {
    "sentence" : "not so well",
    "trackingId" : "7166999A-ED9D-4F26-93F8-76D1ECDBA041",
    "translated" : null,
    "detectedLanguage" : null,
    "translatedLanguage" : null,
    "translatedBy" : null,
    "exampleEntities" : [ ]
  }, {
    "sentence" : "don't feel that well",
    "trackingId" : "EAE87F0B-311B-4780-B7A8-0AB51ED7189D",
    "translated" : null,
    "detectedLanguage" : null,
    "translatedLanguage" : null,
    "translatedBy" : null,
    "exampleEntities" : [ ]
  }, {
    "sentence" : "no not so well",
    "trackingId" : "78B9B892-40E0-4040-A86E-12797C710DB4",
    "translated" : null,
    "detectedLanguage" : null,
    "translatedLanguage" : null,
    "translatedBy" : null,
    "exampleEntities" : [ ]
  }, {
    "sentence" : "not feel that well",
    "trackingId" : "6FAB7B83-D7D1-4C92-B6B4-8FD226E3F57C",
    "translated" : null,
    "detectedLanguage" : null,
    "translatedLanguage" : null,
    "translatedBy" : null,
    "exampleEntities" : [ ]
  } ],
  "autoCompleteData" : [ ]
}