{
  "name" : "Greeting",
  "trackingId" : "B2A85730-171F-4528-9CE5-EF7FA83E030C",
  "enabled" : true,
  "intentParameters" : [ {
    "name" : "SmallTalkEntity",
    "required" : true,
    "entity" : "SmallTalkEntity",
    "trackingId" : "954037E8-34E7-4796-9078-C872C31ABBBE"
  } ],
  "exampleData" : [ {
    "sentence" : "long time no see",
    "trackingId" : "578FD5E8-D07F-4CAD-A2C8-E19D26623A40",
    "translated" : null,
    "detectedLanguage" : null,
    "translatedLanguage" : null,
    "translatedBy" : null,
    "exampleEntities" : [ ]
  }, {
    "sentence" : "yo bot",
    "trackingId" : "23C6CCC3-D3EB-4084-8E11-C4500CF39AC6",
    "translated" : null,
    "detectedLanguage" : null,
    "translatedLanguage" : null,
    "translatedBy" : null,
    "exampleEntities" : [ ]
  }, {
    "sentence" : "good day mate",
    "trackingId" : "3248DAC2-D068-49A0-BF41-955A4AADEF6C",
    "translated" : null,
    "detectedLanguage" : null,
    "translatedLanguage" : null,
    "translatedBy" : null,
    "exampleEntities" : [ ]
  }, {
    "sentence" : "g day mate",
    "trackingId" : "4C196136-2A96-46E1-8F71-AB30110D8DE3",
    "translated" : null,
    "detectedLanguage" : null,
    "translatedLanguage" : null,
    "translatedBy" : null,
    "exampleEntities" : [ ]
  }, {
    "sentence" : "hello",
    "trackingId" : "B04C05BA-EA87-4031-A2BC-2D79E0305E35",
    "translated" : null,
    "detectedLanguage" : null,
    "translatedLanguage" : null,
    "translatedBy" : null,
    "exampleEntities" : [ ]
  }, {
    "sentence" : "hey",
    "trackingId" : "C25BC657-D7D8-42CA-B9CC-6B5AA97F41ED",
    "translated" : null,
    "detectedLanguage" : null,
    "translatedLanguage" : null,
    "translatedBy" : null,
    "exampleEntities" : [ ]
  }, {
    "sentence" : "hi",
    "trackingId" : "E8EF4371-76B0-470D-A6ED-5B6E96E455EC",
    "translated" : null,
    "detectedLanguage" : null,
    "translatedLanguage" : null,
    "translatedBy" : null,
    "exampleEntities" : [ ]
  }, {
    "sentence" : "g day",
    "trackingId" : "66565FA6-3990-4704-85D1-4CDA8B3A3A11",
    "translated" : null,
    "detectedLanguage" : null,
    "translatedLanguage" : null,
    "translatedBy" : null,
    "exampleEntities" : [ ]
  }, {
    "sentence" : "good day",
    "trackingId" : "69C926EB-665C-4632-982E-D2CE85EFC3CD",
    "translated" : null,
    "detectedLanguage" : null,
    "translatedLanguage" : null,
    "translatedBy" : null,
    "exampleEntities" : [ ]
  }, {
    "sentence" : "hmm",
    "trackingId" : "D282027C-9196-455D-886E-8ABB2F6D63CB",
    "translated" : null,
    "detectedLanguage" : null,
    "translatedLanguage" : null,
    "translatedBy" : null,
    "exampleEntities" : [ ]
  }, {
    "sentence" : "yo",
    "trackingId" : "72694B7F-E5F7-4737-89FA-546F0D8B501C",
    "translated" : null,
    "detectedLanguage" : null,
    "translatedLanguage" : null,
    "translatedBy" : null,
    "exampleEntities" : [ ]
  }, {
    "sentence" : "hiya",
    "trackingId" : "25AF99C3-7694-4404-8095-E4F333C1A489",
    "translated" : null,
    "detectedLanguage" : null,
    "translatedLanguage" : null,
    "translatedBy" : null,
    "exampleEntities" : [ ]
  }, {
    "sentence" : "its been a while",
    "trackingId" : "C40E61C9-61E8-4CD4-A0C6-F9D149B39EFB",
    "translated" : null,
    "detectedLanguage" : null,
    "translatedLanguage" : null,
    "translatedBy" : null,
    "exampleEntities" : [ ]
  }, {
    "sentence" : "howdy",
    "trackingId" : "E3D232AD-53F5-4E8E-AC08-7E86E5A6C1BA",
    "translated" : null,
    "detectedLanguage" : null,
    "translatedLanguage" : null,
    "translatedBy" : null,
    "exampleEntities" : [ ]
  } ],
  "autoCompleteData" : [ ]
}