{
  "name" : "MoveOn",
  "type" : "NLPIntent",
  "trackingId" : "3E1B40E7-8FF4-4358-9A4D-126660DA9598",
  "enabled" : true,
  "intentParameters" : [ ],
  "exampleData" : [ {
    "sentence" : "shoot ahead",
    "trackingId" : "D632BB12-047B-48BC-AE21-7021C6C08D6A",
    "translated" : null,
    "detectedLanguage" : null,
    "translatedLanguage" : null,
    "translatedBy" : null,
    "exampleEntities" : [ ]
  }, {
    "sentence" : "edge forward",
    "trackingId" : "4E0B6532-5D9A-4E36-B029-ECA0E84B24D8",
    "translated" : null,
    "detectedLanguage" : null,
    "translatedLanguage" : null,
    "translatedBy" : null,
    "exampleEntities" : [ ]
  }, {
    "sentence" : "move on",
    "trackingId" : "D3856397-D89F-41FB-AEF1-720FA78F0668",
    "translated" : null,
    "detectedLanguage" : null,
    "translatedLanguage" : null,
    "translatedBy" : null,
    "exampleEntities" : [ ]
  }, {
    "sentence" : "go fordward",
    "trackingId" : "74AEB135-8285-4C43-B84B-89C8FCB4BFC7",
    "translated" : null,
    "detectedLanguage" : null,
    "translatedLanguage" : null,
    "translatedBy" : null,
    "exampleEntities" : [ ]
  }, {
    "sentence" : "progress",
    "trackingId" : "43225854-D0CD-483C-94AB-CC69CD70732E",
    "translated" : null,
    "detectedLanguage" : null,
    "translatedLanguage" : null,
    "translatedBy" : null,
    "exampleEntities" : [ ]
  }, {
    "sentence" : "go ahead",
    "trackingId" : "EEA46092-8C30-4BE5-927F-97B778900259",
    "translated" : null,
    "detectedLanguage" : null,
    "translatedLanguage" : null,
    "translatedBy" : null,
    "exampleEntities" : [ ]
  }, {
    "sentence" : "go on",
    "trackingId" : "F4CF1F4F-05FF-4E3E-A773-A68BA17F68AF",
    "translated" : null,
    "detectedLanguage" : null,
    "translatedLanguage" : null,
    "translatedBy" : null,
    "exampleEntities" : [ ]
  }, {
    "sentence" : "dash ahead",
    "trackingId" : "11105084-42C9-430F-BBDB-F1346D9B6E53",
    "translated" : null,
    "detectedLanguage" : null,
    "translatedLanguage" : null,
    "translatedBy" : null,
    "exampleEntities" : [ ]
  }, {
    "sentence" : "continue",
    "trackingId" : "C510CB54-03DD-4F0D-9C9C-FE7F792DED45",
    "translated" : null,
    "detectedLanguage" : null,
    "translatedLanguage" : null,
    "translatedBy" : null,
    "exampleEntities" : [ ]
  } ],
  "autoCompleteData" : [ ]
}