{
  "name" : "PlayMusic",
  "type" : "NLPIntent",
  "trackingId" : "79E2684C-7074-42AB-A5E2-7777936DB47F",
  "enabled" : true,
  "intentParameters" : [ {
    "name" : "SmallTalkEntity",
    "required" : true,
    "entity" : "SmallTalkEntity",
    "trackingId" : "F2DE6AD8-042F-49BE-8C0A-49C6DAD7B535"
  } ],
  "exampleData" : [ {
    "sentence" : "spin some music",
    "trackingId" : "5AAA6CE5-DCA0-462E-9C6A-4391252104FF",
    "translated" : null,
    "detectedLanguage" : null,
    "translatedLanguage" : null,
    "translatedBy" : null,
    "exampleEntities" : [ ]
  }, {
    "sentence" : "play music",
    "trackingId" : "CA8B2236-9EF7-4596-855C-420DAC1C1C38",
    "translated" : null,
    "detectedLanguage" : null,
    "translatedLanguage" : null,
    "translatedBy" : null,
    "exampleEntities" : [ ]
  }, {
    "sentence" : "play some music",
    "trackingId" : "38BD937B-2870-4BF4-A769-17B2AD18DE88",
    "translated" : null,
    "detectedLanguage" : null,
    "translatedLanguage" : null,
    "translatedBy" : null,
    "exampleEntities" : [ ]
  }, {
    "sentence" : "music please",
    "trackingId" : "D2991457-0765-43B2-A592-5E85F004E049",
    "translated" : null,
    "detectedLanguage" : null,
    "translatedLanguage" : null,
    "translatedBy" : null,
    "exampleEntities" : [ ]
  }, {
    "sentence" : "can you play some music",
    "trackingId" : "FCD68492-A9D2-4B43-BCE4-43ED7EFBED1F",
    "translated" : null,
    "detectedLanguage" : null,
    "translatedLanguage" : null,
    "translatedBy" : null,
    "exampleEntities" : [ ]
  } ],
  "autoCompleteData" : [ ]
}