{
  "name" : "Praise",
  "trackingId" : "B8E070C8-F259-4979-8F8A-C2B67F94470F",
  "enabled" : true,
  "intentParameters" : [ {
    "name" : "SmallTalkEntity",
    "required" : true,
    "entity" : "SmallTalkEntity",
    "trackingId" : "AAAF61F4-5253-42DD-9C6A-E95AE0BA60E9"
  } ],
  "exampleData" : [ {
    "sentence" : "you rock",
    "trackingId" : "CC7CB540-4D97-4AD0-B155-BC11ABA46CFE",
    "translated" : null,
    "detectedLanguage" : null,
    "translatedLanguage" : null,
    "translatedBy" : null,
    "exampleEntities" : [ ]
  }, {
    "sentence" : "you are really cool",
    "trackingId" : "D74F851B-CCCD-453A-993F-ABED959D828B",
    "translated" : null,
    "detectedLanguage" : null,
    "translatedLanguage" : null,
    "translatedBy" : null,
    "exampleEntities" : [ ]
  }, {
    "sentence" : "oh yeah",
    "trackingId" : "2648514F-FCA5-4105-A013-598674FE7D93",
    "translated" : null,
    "detectedLanguage" : null,
    "translatedLanguage" : null,
    "translatedBy" : null,
    "exampleEntities" : [ ]
  }, {
    "sentence" : "you are amazing",
    "trackingId" : "39AEE14C-23B8-4A34-9F40-4B9D815B4156",
    "translated" : null,
    "detectedLanguage" : null,
    "translatedLanguage" : null,
    "translatedBy" : null,
    "exampleEntities" : [ ]
  }, {
    "sentence" : "unbelievable",
    "trackingId" : "6B0B633F-3E7E-4798-AC39-F1FB5D13B571",
    "translated" : null,
    "detectedLanguage" : null,
    "translatedLanguage" : null,
    "translatedBy" : null,
    "exampleEntities" : [ ]
  }, {
    "sentence" : "you are the best mate",
    "trackingId" : "CF4B5312-0F19-4A96-BE11-C8C69ABD9F70",
    "translated" : null,
    "detectedLanguage" : null,
    "translatedLanguage" : null,
    "translatedBy" : null,
    "exampleEntities" : [ ]
  }, {
    "sentence" : "this was good",
    "trackingId" : "E2FB276E-AA15-45C8-85F5-AF534383087A",
    "translated" : null,
    "detectedLanguage" : null,
    "translatedLanguage" : null,
    "translatedBy" : null,
    "exampleEntities" : [ ]
  }, {
    "sentence" : "I like that",
    "trackingId" : "08C65D77-95C5-4969-A8E0-27003D6EA19E",
    "translated" : null,
    "detectedLanguage" : null,
    "translatedLanguage" : null,
    "translatedBy" : null,
    "exampleEntities" : [ ]
  }, {
    "sentence" : "amazing ",
    "trackingId" : "5C31120B-AC4A-4ACF-8BD9-A6394670D079",
    "translated" : null,
    "detectedLanguage" : null,
    "translatedLanguage" : null,
    "translatedBy" : null,
    "exampleEntities" : [ ]
  }, {
    "sentence" : "best ever bot I had to talk",
    "trackingId" : "6F2451DA-9F48-4C35-936C-162AAD55BCAC",
    "translated" : null,
    "detectedLanguage" : null,
    "translatedLanguage" : null,
    "translatedBy" : null,
    "exampleEntities" : [ ]
  }, {
    "sentence" : "you are the best",
    "trackingId" : "8D397C00-4E97-4298-A0F7-69B91D10ECE0",
    "translated" : null,
    "detectedLanguage" : null,
    "translatedLanguage" : null,
    "translatedBy" : null,
    "exampleEntities" : [ ]
  }, {
    "sentence" : "you are really smart bot",
    "trackingId" : "816628D1-B24D-4C5C-9F79-D3C65CD6BB80",
    "translated" : null,
    "detectedLanguage" : null,
    "translatedLanguage" : null,
    "translatedBy" : null,
    "exampleEntities" : [ ]
  }, {
    "sentence" : "wow",
    "trackingId" : "CF2A0BB7-8DED-494C-8BB7-D52FD5B6A825",
    "translated" : null,
    "detectedLanguage" : null,
    "translatedLanguage" : null,
    "translatedBy" : null,
    "exampleEntities" : [ ]
  }, {
    "sentence" : "you are great",
    "trackingId" : "E7FD4039-B228-4BD9-B0D5-D08AA3BDEACC",
    "translated" : null,
    "detectedLanguage" : null,
    "translatedLanguage" : null,
    "translatedBy" : null,
    "exampleEntities" : [ ]
  }, {
    "sentence" : "I like you",
    "trackingId" : "4570CFFC-0B70-4979-AE97-BE915AF567DD",
    "translated" : null,
    "detectedLanguage" : null,
    "translatedLanguage" : null,
    "translatedBy" : null,
    "exampleEntities" : [ ]
  }, {
    "sentence" : "cool",
    "trackingId" : "2B971211-DE8D-4F9A-BFF1-D2ADF4C0A5A8",
    "translated" : null,
    "detectedLanguage" : null,
    "translatedLanguage" : null,
    "translatedBy" : null,
    "exampleEntities" : [ ]
  }, {
    "sentence" : "you are awesome",
    "trackingId" : "1CE27CC3-776B-43A6-B7E1-B1980894E393",
    "translated" : null,
    "detectedLanguage" : null,
    "translatedLanguage" : null,
    "translatedBy" : null,
    "exampleEntities" : [ ]
  }, {
    "sentence" : "excellent",
    "trackingId" : "743A9D6C-BC99-4A46-9791-6776FCED9CCC",
    "translated" : null,
    "detectedLanguage" : null,
    "translatedLanguage" : null,
    "translatedBy" : null,
    "exampleEntities" : [ ]
  }, {
    "sentence" : "best bot ever",
    "trackingId" : "48B16773-A74D-4057-A721-26209FEAD2A1",
    "translated" : null,
    "detectedLanguage" : null,
    "translatedLanguage" : null,
    "translatedBy" : null,
    "exampleEntities" : [ ]
  }, {
    "sentence" : "good",
    "trackingId" : "CD343606-17FA-4DD5-968B-8BB0A56E83AC",
    "translated" : null,
    "detectedLanguage" : null,
    "translatedLanguage" : null,
    "translatedBy" : null,
    "exampleEntities" : [ ]
  }, {
    "sentence" : "that's so cool",
    "trackingId" : "1FD1066E-D132-430E-BFAC-B86F38694795",
    "translated" : null,
    "detectedLanguage" : null,
    "translatedLanguage" : null,
    "translatedBy" : null,
    "exampleEntities" : [ ]
  } ],
  "autoCompleteData" : [ ]
}