{
  "name" : "SayGoodBye",
  "type" : "NLPIntent",
  "trackingId" : "FCAE5BF4-3BBE-45F6-A00D-7AA6DF90E79C",
  "enabled" : true,
  "intentParameters" : [ {
    "name" : "SmallTalkEntity",
    "required" : true,
    "entity" : "SmallTalkEntity",
    "trackingId" : "78225CB6-CBFC-454E-A84D-4C6C3A93C727"
  } ],
  "exampleData" : [ {
    "sentence" : "c u",
    "trackingId" : "353B1CDB-7D0B-4615-AEAB-57BECA44F4C2",
    "translated" : null,
    "detectedLanguage" : null,
    "translatedLanguage" : null,
    "translatedBy" : null,
    "exampleEntities" : [ ]
  }, {
    "sentence" : "see ya",
    "trackingId" : "B71140FC-C1BA-46B8-9AE3-C160DF5564CD",
    "translated" : null,
    "detectedLanguage" : null,
    "translatedLanguage" : null,
    "translatedBy" : null,
    "exampleEntities" : [ ]
  }, {
    "sentence" : "gotta go",
    "trackingId" : "FA984E8E-601D-40F5-B90B-F475D4B8504B",
    "translated" : null,
    "detectedLanguage" : null,
    "translatedLanguage" : null,
    "translatedBy" : null,
    "exampleEntities" : [ ]
  }, {
    "sentence" : "ok. bye",
    "trackingId" : "442D63AF-AD7F-43C8-B3A9-7BF9207C816C",
    "translated" : null,
    "detectedLanguage" : null,
    "translatedLanguage" : null,
    "translatedBy" : null,
    "exampleEntities" : [ ]
  }, {
    "sentence" : "bye",
    "trackingId" : "FBB4AF30-B87A-4BF7-B69E-126FDB284095",
    "translated" : null,
    "detectedLanguage" : null,
    "translatedLanguage" : null,
    "translatedBy" : null,
    "exampleEntities" : [ ]
  }, {
    "sentence" : "bye bye",
    "trackingId" : "C61DE188-101D-4C6B-B975-6FB875ACFB7D",
    "translated" : null,
    "detectedLanguage" : null,
    "translatedLanguage" : null,
    "translatedBy" : null,
    "exampleEntities" : [ ]
  }, {
    "sentence" : "see you next time",
    "trackingId" : "AD2F14AA-A164-4BDF-90BA-4307BA46F955",
    "translated" : null,
    "detectedLanguage" : null,
    "translatedLanguage" : null,
    "translatedBy" : null,
    "exampleEntities" : [ ]
  }, {
    "sentence" : "later",
    "trackingId" : "F7E35426-8AE5-41A2-9D2B-D92C101626F5",
    "translated" : null,
    "detectedLanguage" : null,
    "translatedLanguage" : null,
    "translatedBy" : null,
    "exampleEntities" : [ ]
  }, {
    "sentence" : "toodleoo",
    "trackingId" : "7C26568D-894D-40BF-90B4-30F0D20BEE3D",
    "translated" : null,
    "detectedLanguage" : null,
    "translatedLanguage" : null,
    "translatedBy" : null,
    "exampleEntities" : [ ]
  }, {
    "sentence" : "see you later",
    "trackingId" : "A19BA442-B851-40D7-BD3D-A89D854A1F99",
    "translated" : null,
    "detectedLanguage" : null,
    "translatedLanguage" : null,
    "translatedBy" : null,
    "exampleEntities" : [ ]
  }, {
    "sentence" : "auf wiedersehen",
    "trackingId" : "7101C618-DD8E-4723-BB91-2668FE70800F",
    "translated" : null,
    "detectedLanguage" : null,
    "translatedLanguage" : null,
    "translatedBy" : null,
    "exampleEntities" : [ ]
  }, {
    "sentence" : "got to go",
    "trackingId" : "7E2124E3-111D-41E6-A89E-BBA02E3FE570",
    "translated" : null,
    "detectedLanguage" : null,
    "translatedLanguage" : null,
    "translatedBy" : null,
    "exampleEntities" : [ ]
  }, {
    "sentence" : "later bro",
    "trackingId" : "24F19535-E80C-4D2D-BF69-56C42C797270",
    "translated" : null,
    "detectedLanguage" : null,
    "translatedLanguage" : null,
    "translatedBy" : null,
    "exampleEntities" : [ ]
  }, {
    "sentence" : "addio",
    "trackingId" : "E8E8BCF2-335B-4B9F-BCED-651C26588AC3",
    "translated" : null,
    "detectedLanguage" : null,
    "translatedLanguage" : null,
    "translatedBy" : null,
    "exampleEntities" : [ ]
  }, {
    "sentence" : "awesome",
    "trackingId" : "2DD43011-A62F-4A97-863F-627CA7783FCB",
    "translated" : null,
    "detectedLanguage" : null,
    "translatedLanguage" : null,
    "translatedBy" : null,
    "exampleEntities" : [ ]
  }, {
    "sentence" : "adios",
    "trackingId" : "3F4A4788-F9C3-4B29-BF50-D5D75509F0CF",
    "translated" : null,
    "detectedLanguage" : null,
    "translatedLanguage" : null,
    "translatedBy" : null,
    "exampleEntities" : [ ]
  }, {
    "sentence" : "see you",
    "trackingId" : "984F9905-8B1E-46C1-BD97-AC45CD690DF5",
    "translated" : null,
    "detectedLanguage" : null,
    "translatedLanguage" : null,
    "translatedBy" : null,
    "exampleEntities" : [ ]
  }, {
    "sentence" : "see you again",
    "trackingId" : "7927B4FF-394E-404C-A021-7475358E1589",
    "translated" : null,
    "detectedLanguage" : null,
    "translatedLanguage" : null,
    "translatedBy" : null,
    "exampleEntities" : [ ]
  }, {
    "sentence" : "cheers",
    "trackingId" : "54C063C7-C71F-4C19-A30F-3EF79308C8C5",
    "translated" : null,
    "detectedLanguage" : null,
    "translatedLanguage" : null,
    "translatedBy" : null,
    "exampleEntities" : [ ]
  }, {
    "sentence" : "so long",
    "trackingId" : "23733CE6-20D6-4DCB-A0C3-ACF8EAA5F669",
    "translated" : null,
    "detectedLanguage" : null,
    "translatedLanguage" : null,
    "translatedBy" : null,
    "exampleEntities" : [ ]
  }, {
    "sentence" : "goodbyes",
    "trackingId" : "68A9CCC6-1813-4466-9E59-312ACCC3196F",
    "translated" : null,
    "detectedLanguage" : null,
    "translatedLanguage" : null,
    "translatedBy" : null,
    "exampleEntities" : [ ]
  }, {
    "sentence" : "farewell",
    "trackingId" : "1ACB785C-7699-430F-AE1A-B5B20676C102",
    "translated" : null,
    "detectedLanguage" : null,
    "translatedLanguage" : null,
    "translatedBy" : null,
    "exampleEntities" : [ ]
  }, {
    "sentence" : "finish",
    "trackingId" : "F06D507E-1CCD-410E-B84E-A8338A088951",
    "translated" : null,
    "detectedLanguage" : null,
    "translatedLanguage" : null,
    "translatedBy" : null,
    "exampleEntities" : [ ]
  }, {
    "sentence" : "good bye",
    "trackingId" : "A7EF283F-8526-4687-9BF5-D34761AD630C",
    "translated" : null,
    "detectedLanguage" : null,
    "translatedLanguage" : null,
    "translatedBy" : null,
    "exampleEntities" : [ ]
  }, {
    "sentence" : "gracias",
    "trackingId" : "5A3DDB4B-D549-49A4-98B6-E86EF8886558",
    "translated" : null,
    "detectedLanguage" : null,
    "translatedLanguage" : null,
    "translatedBy" : null,
    "exampleEntities" : [ ]
  }, {
    "sentence" : "cheerio",
    "trackingId" : "857B9581-AF81-43F3-8BB6-2396AB1A11CA",
    "translated" : null,
    "detectedLanguage" : null,
    "translatedLanguage" : null,
    "translatedBy" : null,
    "exampleEntities" : [ ]
  }, {
    "sentence" : "ciao",
    "trackingId" : "9C851646-196F-4D07-9426-D7A141743BE0",
    "translated" : null,
    "detectedLanguage" : null,
    "translatedLanguage" : null,
    "translatedBy" : null,
    "exampleEntities" : [ ]
  }, {
    "sentence" : "toodle-oo",
    "trackingId" : "9E979EC2-E6DC-487F-912B-39BC55D824DF",
    "translated" : null,
    "detectedLanguage" : null,
    "translatedLanguage" : null,
    "translatedBy" : null,
    "exampleEntities" : [ ]
  }, {
    "sentence" : "cu",
    "trackingId" : "F0D8D839-E636-4A65-8DF3-38D093CFF04F",
    "translated" : null,
    "detectedLanguage" : null,
    "translatedLanguage" : null,
    "translatedBy" : null,
    "exampleEntities" : [ ]
  }, {
    "sentence" : "ta",
    "trackingId" : "ACC63CAD-D611-4039-9C0C-798B39D3DE84",
    "translated" : null,
    "detectedLanguage" : null,
    "translatedLanguage" : null,
    "translatedBy" : null,
    "exampleEntities" : [ ]
  }, {
    "sentence" : "goodbye",
    "trackingId" : "ED26C6CE-0802-4C67-8F81-4C037EB0EF4B",
    "translated" : null,
    "detectedLanguage" : null,
    "translatedLanguage" : null,
    "translatedBy" : null,
    "exampleEntities" : [ ]
  } ],
  "autoCompleteData" : [ ]
}