{
  "name" : "SwearWords",
  "trackingId" : "65D7E11A-EE65-4EB5-833F-BC6AAFD07F20",
  "enabled" : true,
  "intentParameters" : [ {
    "name" : "SmallTalkEntity",
    "required" : true,
    "entity" : "SmallTalkEntity",
    "trackingId" : "DFFD0BD7-C066-4207-A9D1-A4F39772105A"
  } ],
  "exampleData" : [ {
    "sentence" : "what the fuck",
    "trackingId" : "789669FB-1480-4DF1-BF94-682E107E373B",
    "translated" : null,
    "detectedLanguage" : null,
    "translatedLanguage" : null,
    "translatedBy" : null,
    "exampleEntities" : [ ]
  }, {
    "sentence" : "fuck you",
    "trackingId" : "3085937C-9559-4064-B58F-87F347B03A88",
    "translated" : null,
    "detectedLanguage" : null,
    "translatedLanguage" : null,
    "translatedBy" : null,
    "exampleEntities" : [ ]
  }, {
    "sentence" : "damn it",
    "trackingId" : "38D2B996-34FA-45E9-9E05-1857137B4FD7",
    "translated" : null,
    "detectedLanguage" : null,
    "translatedLanguage" : null,
    "translatedBy" : null,
    "exampleEntities" : [ ]
  }, {
    "sentence" : "fuck",
    "trackingId" : "E17B9DB2-D9CA-4B82-B469-269BF40946B4",
    "translated" : null,
    "detectedLanguage" : null,
    "translatedLanguage" : null,
    "translatedBy" : null,
    "exampleEntities" : [ ]
  }, {
    "sentence" : "dang it",
    "trackingId" : "C6A6EB33-CE04-4C91-9408-B3E4736786DB",
    "translated" : null,
    "detectedLanguage" : null,
    "translatedLanguage" : null,
    "translatedBy" : null,
    "exampleEntities" : [ ]
  }, {
    "sentence" : "what the hell",
    "trackingId" : "F7135C0C-8CD5-4FA5-A893-388B5EF26A4B",
    "translated" : null,
    "detectedLanguage" : null,
    "translatedLanguage" : null,
    "translatedBy" : null,
    "exampleEntities" : [ ]
  }, {
    "sentence" : "son of a bitch",
    "trackingId" : "092F9908-EE99-4CCD-BB8D-69FB061D299A",
    "translated" : null,
    "detectedLanguage" : null,
    "translatedLanguage" : null,
    "translatedBy" : null,
    "exampleEntities" : [ ]
  }, {
    "sentence" : "a piece of shit",
    "trackingId" : "72B9E37C-F059-4878-9A33-5D56F7D414EE",
    "translated" : null,
    "detectedLanguage" : null,
    "translatedLanguage" : null,
    "translatedBy" : null,
    "exampleEntities" : [ ]
  }, {
    "sentence" : "jesus fucking christ",
    "trackingId" : "14F6028B-B139-4708-9868-52BF64CA0697",
    "translated" : null,
    "detectedLanguage" : null,
    "translatedLanguage" : null,
    "translatedBy" : null,
    "exampleEntities" : [ ]
  } ],
  "autoCompleteData" : [ ]
}