{
  "name" : "Teach",
  "type" : "NLPIntent",
  "trackingId" : "5DFC4B03-F53B-4514-93B9-230842558768",
  "enabled" : true,
  "intentParameters" : [ ],
  "exampleData" : [ {
    "sentence" : "can I bring you new skills",
    "trackingId" : "A938C2CF-FF5A-42C6-B7D2-24266E900BC0",
    "translated" : null,
    "detectedLanguage" : null,
    "translatedLanguage" : null,
    "translatedBy" : null,
    "exampleEntities" : [ ]
  }, {
    "sentence" : "what can I teach you",
    "trackingId" : "446ABF77-358A-4784-8E0E-A1EC93122A61",
    "translated" : null,
    "detectedLanguage" : null,
    "translatedLanguage" : null,
    "translatedBy" : null,
    "exampleEntities" : [ ]
  }, {
    "sentence" : "to teach you new stuff",
    "trackingId" : "31A0A963-FE5E-4E20-B054-35CB0AFA73E3",
    "translated" : null,
    "detectedLanguage" : null,
    "translatedLanguage" : null,
    "translatedBy" : null,
    "exampleEntities" : [ ]
  }, {
    "sentence" : "I want to teach you new things",
    "trackingId" : "84AFA690-3070-4EC8-9192-3758CB01E041",
    "translated" : null,
    "detectedLanguage" : null,
    "translatedLanguage" : null,
    "translatedBy" : null,
    "exampleEntities" : [ ]
  }, {
    "sentence" : "what skills can I teach you",
    "trackingId" : "A9AC17AE-DBCB-41EE-9CD0-EAF86C44A0DB",
    "translated" : null,
    "detectedLanguage" : null,
    "translatedLanguage" : null,
    "translatedBy" : null,
    "exampleEntities" : [ ]
  } ],
  "autoCompleteData" : [ ]
}