{
  "name" : "ThankYou",
  "trackingId" : "A4E637D1-9106-4777-8E39-792FFF55380F",
  "enabled" : true,
  "intentParameters" : [ {
    "name" : "SmallTalkEntity",
    "required" : true,
    "entity" : "SmallTalkEntity",
    "trackingId" : "DE4D8B23-BF4A-40A3-9CC1-2E0B67CB9DBC"
  } ],
  "exampleData" : [ {
    "sentence" : "thanks for all your help",
    "trackingId" : "EB98A658-889D-4221-B912-7334DC2C13DA",
    "translated" : null,
    "detectedLanguage" : null,
    "translatedLanguage" : null,
    "translatedBy" : null,
    "exampleEntities" : [ ]
  }, {
    "sentence" : "danke",
    "trackingId" : "515D4DA1-50C4-48D2-8160-9CD90A3F48B2",
    "translated" : null,
    "detectedLanguage" : null,
    "translatedLanguage" : null,
    "translatedBy" : null,
    "exampleEntities" : [ ]
  }, {
    "sentence" : "ok. thank you",
    "trackingId" : "AC757196-8403-4C97-9554-BA6ED474768A",
    "translated" : null,
    "detectedLanguage" : null,
    "translatedLanguage" : null,
    "translatedBy" : null,
    "exampleEntities" : [ ]
  }, {
    "sentence" : "many thanks",
    "trackingId" : "53CDCD42-326A-4993-88E2-91157EFAC0C4",
    "translated" : null,
    "detectedLanguage" : null,
    "translatedLanguage" : null,
    "translatedBy" : null,
    "exampleEntities" : [ ]
  }, {
    "sentence" : "thank you",
    "trackingId" : "8F0DA8E5-A13D-40E7-8F24-99B3302E19C7",
    "translated" : null,
    "detectedLanguage" : null,
    "translatedLanguage" : null,
    "translatedBy" : null,
    "exampleEntities" : [ ]
  }, {
    "sentence" : "thanks",
    "trackingId" : "9B23A0A9-E658-4896-A817-4AC57B9C8F0B",
    "translated" : null,
    "detectedLanguage" : null,
    "translatedLanguage" : null,
    "translatedBy" : null,
    "exampleEntities" : [ ]
  }, {
    "sentence" : "ok. thanks",
    "trackingId" : "D3FF09C9-BD0D-43A5-AF57-D926701A592C",
    "translated" : null,
    "detectedLanguage" : null,
    "translatedLanguage" : null,
    "translatedBy" : null,
    "exampleEntities" : [ ]
  }, {
    "sentence" : "very well done",
    "trackingId" : "63BE7920-30C3-409A-BDF8-2787BDE4F013",
    "translated" : null,
    "detectedLanguage" : null,
    "translatedLanguage" : null,
    "translatedBy" : null,
    "exampleEntities" : [ ]
  }, {
    "sentence" : "very good",
    "trackingId" : "0D0E6B38-ABD3-41A9-9833-F342B4C7B67D",
    "translated" : null,
    "detectedLanguage" : null,
    "translatedLanguage" : null,
    "translatedBy" : null,
    "exampleEntities" : [ ]
  }, {
    "sentence" : "much obliged",
    "trackingId" : "C7446C9A-5B19-4FB5-AE04-472AA36530A6",
    "translated" : null,
    "detectedLanguage" : null,
    "translatedLanguage" : null,
    "translatedBy" : null,
    "exampleEntities" : [ ]
  }, {
    "sentence" : "thank you very much",
    "trackingId" : "B062C4B7-E4A5-4F62-B932-04B4F3ADE780",
    "translated" : null,
    "detectedLanguage" : null,
    "translatedLanguage" : null,
    "translatedBy" : null,
    "exampleEntities" : [ ]
  }, {
    "sentence" : "very appreciate",
    "trackingId" : "7ABC4D82-D8FB-4296-B1FE-E76DD8F25564",
    "translated" : null,
    "detectedLanguage" : null,
    "translatedLanguage" : null,
    "translatedBy" : null,
    "exampleEntities" : [ ]
  }, {
    "sentence" : "merci ",
    "trackingId" : "F49C4787-86B7-49ED-B67E-71B82D38CE6F",
    "translated" : null,
    "detectedLanguage" : null,
    "translatedLanguage" : null,
    "translatedBy" : null,
    "exampleEntities" : [ ]
  } ],
  "autoCompleteData" : [ ]
}