{
  "name" : "WhatLanguageDoYouSpeak",
  "type" : "NLPIntent",
  "trackingId" : "319BA6B6-3DEB-4E67-B567-AC41A468CE62",
  "enabled" : true,
  "intentParameters" : [ {
    "name" : "SmallTalkEntity",
    "required" : true,
    "entity" : "SmallTalkEntity",
    "trackingId" : "55C22484-EC2A-4D08-B90D-87851F64B03A"
  } ],
  "exampleData" : [ {
    "sentence" : "what is you main language",
    "trackingId" : "86F09B75-87E9-45C1-A1FA-E130D1A9BA67",
    "translated" : null,
    "detectedLanguage" : null,
    "translatedLanguage" : null,
    "translatedBy" : null,
    "exampleEntities" : [ ]
  }, {
    "sentence" : "what languages do you speak",
    "trackingId" : "843CADE1-017D-4DC8-9A41-6EC2D899D591",
    "translated" : null,
    "detectedLanguage" : null,
    "translatedLanguage" : null,
    "translatedBy" : null,
    "exampleEntities" : [ ]
  }, {
    "sentence" : "do you speak english",
    "trackingId" : "2A542881-0BF1-4271-8BAA-0B78D477A1C1",
    "translated" : null,
    "detectedLanguage" : null,
    "translatedLanguage" : null,
    "translatedBy" : null,
    "exampleEntities" : [ ]
  }, {
    "sentence" : "do you know many languages",
    "trackingId" : "6EBAB99C-FD25-4028-AC28-7D370094439D",
    "translated" : null,
    "detectedLanguage" : null,
    "translatedLanguage" : null,
    "translatedBy" : null,
    "exampleEntities" : [ ]
  }, {
    "sentence" : "do you speak arabic",
    "trackingId" : "34C6AF8A-8325-4A2E-B979-7A5B2B4D9664",
    "translated" : null,
    "detectedLanguage" : null,
    "translatedLanguage" : null,
    "translatedBy" : null,
    "exampleEntities" : [ ]
  }, {
    "sentence" : "do you speak my language",
    "trackingId" : "127F057B-0357-47E9-8C71-8F1A687E6560",
    "translated" : null,
    "detectedLanguage" : null,
    "translatedLanguage" : null,
    "translatedBy" : null,
    "exampleEntities" : [ ]
  } ],
  "autoCompleteData" : [ ]
}