{
  "name" : "SmallTalkEntity",
  "type" : "COMPOSITEBAG",
  "multiValue" : false,
  "fuzzyMatch" : false,
  "promptForDisambiguation" : true,
  "botPrompts" : [ {
    "text" : "Please enter Entity9",
    "sequenceNr" : null
  } ],
  "validationRules" : [ ],
  "compositeBagItems" : [ {
    "sequenceNr" : 1,
    "name" : "YES_NO",
    "type" : "ENTITY",
    "entityName" : "YES_NO",
    "entityUsage" : {
      "type" : "SYSTEM",
      "trackingId" : "E4183D67-5FDD-4C37-B1C3-5AD51320D453",
      "name" : "YES_NO",
      "description" : null,
      "multiValue" : false,
      "fuzzyMatch" : false,
      "promptForDisambiguation" : true,
      "disambiguationPrompt" : null,
      "enumRangeSize" : null,
      "errorMessage" : null,
      "eventHandler" : null,
      "botPrompts" : [ ],
      "validationRules" : [ ],
      "extensionType" : null
    },
    "multiValue" : false,
    "fuzzyMatch" : false,
    "outOfOrderExtraction" : true,
    "promptForDisambiguation" : false,
    "trackingId" : "12C01007-0500-4BEC-B362-8A0769DBCD8E"
  }, {
    "sequenceNr" : 2,
    "name" : "DATE",
    "type" : "ENTITY",
    "entityName" : "DATE",
    "entityUsage" : {
      "type" : "SYSTEM",
      "trackingId" : "64CECBB4-2E7A-4FFB-926D-20ED026CB7BA",
      "name" : "DATE",
      "description" : null,
      "multiValue" : false,
      "fuzzyMatch" : false,
      "promptForDisambiguation" : true,
      "disambiguationPrompt" : null,
      "enumRangeSize" : null,
      "errorMessage" : null,
      "eventHandler" : null,
      "botPrompts" : [ ],
      "validationRules" : [ ],
      "extensionType" : null
    },
    "multiValue" : false,
    "fuzzyMatch" : false,
    "outOfOrderExtraction" : true,
    "promptForDisambiguation" : false,
    "trackingId" : "5C46E298-0428-47ED-9514-E5F1C2055FE8"
  }, {
    "sequenceNr" : 8,
    "name" : "CURRENCY",
    "type" : "ENTITY",
    "entityName" : "CURRENCY",
    "entityUsage" : {
      "type" : "SYSTEM",
      "trackingId" : "3BB7AAC7-50A0-4E50-BE1D-6DDC8C219622",
      "name" : "CURRENCY",
      "description" : null,
      "multiValue" : false,
      "fuzzyMatch" : false,
      "promptForDisambiguation" : true,
      "disambiguationPrompt" : null,
      "enumRangeSize" : null,
      "errorMessage" : null,
      "eventHandler" : null,
      "botPrompts" : [ ],
      "validationRules" : [ ],
      "extensionType" : null
    },
    "multiValue" : false,
    "fuzzyMatch" : false,
    "outOfOrderExtraction" : true,
    "promptForDisambiguation" : false,
    "trackingId" : "E2E150FF-A1A3-4608-8B8E-E8B08FD7DA83"
  }, {
    "sequenceNr" : 9,
    "name" : "DURATION",
    "type" : "ENTITY",
    "entityName" : "DURATION",
    "entityUsage" : {
      "type" : "SYSTEM",
      "trackingId" : "F599C3B5-B21F-4028-B179-8163A301A777",
      "name" : "DURATION",
      "description" : null,
      "multiValue" : false,
      "fuzzyMatch" : false,
      "promptForDisambiguation" : true,
      "disambiguationPrompt" : null,
      "enumRangeSize" : null,
      "errorMessage" : null,
      "eventHandler" : null,
      "botPrompts" : [ ],
      "validationRules" : [ ],
      "extensionType" : null
    },
    "multiValue" : false,
    "fuzzyMatch" : false,
    "outOfOrderExtraction" : true,
    "promptForDisambiguation" : true,
    "trackingId" : "D15DD87C-5141-4AC5-A8E1-EF5BD13B7E86"
  }, {
    "sequenceNr" : 11,
    "name" : "EMAIL",
    "type" : "ENTITY",
    "entityName" : "EMAIL",
    "entityUsage" : {
      "type" : "SYSTEM",
      "trackingId" : "CCD6058B-2814-402C-A839-94C0007F979A",
      "name" : "EMAIL",
      "description" : null,
      "multiValue" : false,
      "fuzzyMatch" : false,
      "promptForDisambiguation" : true,
      "disambiguationPrompt" : null,
      "enumRangeSize" : null,
      "errorMessage" : null,
      "eventHandler" : null,
      "botPrompts" : [ ],
      "validationRules" : [ ],
      "extensionType" : null
    },
    "multiValue" : false,
    "fuzzyMatch" : false,
    "outOfOrderExtraction" : true,
    "promptForDisambiguation" : true,
    "trackingId" : "40DE1FD3-F5F4-42D0-BC77-90C7FCB80F5F"
  }, {
    "sequenceNr" : 12,
    "name" : "NUMBER",
    "type" : "ENTITY",
    "entityName" : "NUMBER",
    "entityUsage" : {
      "type" : "SYSTEM",
      "trackingId" : "A25DD0FF-40B8-4D84-AAD3-D585F538501B",
      "name" : "NUMBER",
      "description" : null,
      "multiValue" : false,
      "fuzzyMatch" : false,
      "promptForDisambiguation" : true,
      "disambiguationPrompt" : null,
      "enumRangeSize" : null,
      "errorMessage" : null,
      "eventHandler" : null,
      "botPrompts" : [ ],
      "validationRules" : [ ],
      "extensionType" : null
    },
    "multiValue" : false,
    "fuzzyMatch" : false,
    "outOfOrderExtraction" : true,
    "promptForDisambiguation" : true,
    "trackingId" : "9FB45B21-2087-4736-AE76-E010FFB9A41E"
  }, {
    "sequenceNr" : 13,
    "name" : "PHONENUMBER",
    "type" : "ENTITY",
    "entityName" : "PHONE_NUMBER",
    "entityUsage" : {
      "type" : "SYSTEM",
      "trackingId" : "B0ADD32B-2AED-4C4F-BD0D-1AE70A94E9D9",
      "name" : "PHONE_NUMBER",
      "description" : null,
      "multiValue" : false,
      "fuzzyMatch" : false,
      "promptForDisambiguation" : true,
      "disambiguationPrompt" : null,
      "enumRangeSize" : null,
      "errorMessage" : null,
      "eventHandler" : null,
      "botPrompts" : [ ],
      "validationRules" : [ ],
      "extensionType" : null
    },
    "multiValue" : false,
    "fuzzyMatch" : false,
    "outOfOrderExtraction" : true,
    "promptForDisambiguation" : true,
    "trackingId" : "61DF46B1-1288-4D70-9F22-74DBD47965E9"
  }, {
    "sequenceNr" : 14,
    "name" : "TIME",
    "type" : "ENTITY",
    "entityName" : "TIME",
    "entityUsage" : {
      "type" : "SYSTEM",
      "trackingId" : "DE40909E-4D29-45F9-A2DA-1496A066FD00",
      "name" : "TIME",
      "description" : null,
      "multiValue" : false,
      "fuzzyMatch" : false,
      "promptForDisambiguation" : true,
      "disambiguationPrompt" : null,
      "enumRangeSize" : null,
      "errorMessage" : null,
      "eventHandler" : null,
      "botPrompts" : [ ],
      "validationRules" : [ ],
      "extensionType" : null
    },
    "multiValue" : false,
    "fuzzyMatch" : false,
    "outOfOrderExtraction" : true,
    "promptForDisambiguation" : true,
    "trackingId" : "CF04081B-A9F5-4BB5-8907-B239A1A5DAD3"
  }, {
    "sequenceNr" : 15,
    "name" : "URL",
    "type" : "ENTITY",
    "entityName" : "URL",
    "entityUsage" : {
      "type" : "SYSTEM",
      "trackingId" : "05FFC5B2-6B24-4B20-9EC5-151C2DA6E912",
      "name" : "URL",
      "description" : null,
      "multiValue" : false,
      "fuzzyMatch" : false,
      "promptForDisambiguation" : true,
      "disambiguationPrompt" : null,
      "enumRangeSize" : null,
      "errorMessage" : null,
      "eventHandler" : null,
      "botPrompts" : [ ],
      "validationRules" : [ ],
      "extensionType" : null
    },
    "multiValue" : false,
    "fuzzyMatch" : false,
    "outOfOrderExtraction" : true,
    "promptForDisambiguation" : true,
    "trackingId" : "ED2DDDCD-47E4-40FA-ACE1-F6CB41C68EB5"
  } ],
  "trackingId" : "351FBAA6-A950-4D87-AC68-792BBA09BDC1"
}