{
  "name" : "AskAboutNews",
  "trackingId" : "50D53B76-0E4A-4B87-AAFC-C4AE3320527D",
  "enabled" : true,
  "intentParameters" : [ {
    "name" : "SmallTalkEntity",
    "required" : true,
    "entity" : "SmallTalkEntity",
    "trackingId" : "A447BFAB-A202-4D0F-8A75-D3F48782EF1F"
  } ],
  "exampleData" : [ {
    "sentence" : "what is going on in the world",
    "trackingId" : "923E0E01-55FC-4310-97A9-C29ECF173F93",
    "translated" : null,
    "detectedLanguage" : null,
    "translatedLanguage" : null,
    "translatedBy" : null,
    "exampleEntities" : [ ]
  }, {
    "sentence" : "today's top news",
    "trackingId" : "3247FC80-8EAC-473F-98BD-995A18F705AC",
    "translated" : null,
    "detectedLanguage" : null,
    "translatedLanguage" : null,
    "translatedBy" : null,
    "exampleEntities" : [ ]
  }, {
    "sentence" : "tell me today headlines",
    "trackingId" : "E4DDA377-C447-47A8-A5E5-357314B86CD7",
    "translated" : null,
    "detectedLanguage" : null,
    "translatedLanguage" : null,
    "translatedBy" : null,
    "exampleEntities" : [ ]
  }, {
    "sentence" : "give me the top news",
    "trackingId" : "C1B7C995-AF7C-4468-A472-0AFEDDF75366",
    "translated" : null,
    "detectedLanguage" : null,
    "translatedLanguage" : null,
    "translatedBy" : null,
    "exampleEntities" : [ ]
  }, {
    "sentence" : "what are the headlines",
    "trackingId" : "200CE010-2493-4E45-AE9E-EA0A06BE634E",
    "translated" : null,
    "detectedLanguage" : null,
    "translatedLanguage" : null,
    "translatedBy" : null,
    "exampleEntities" : [ ]
  }, {
    "sentence" : "what is the news today",
    "trackingId" : "657E06C0-C3B5-4AC7-BACB-14E280AAEA10",
    "translated" : null,
    "detectedLanguage" : null,
    "translatedLanguage" : null,
    "translatedBy" : null,
    "exampleEntities" : [ ]
  }, {
    "sentence" : "give me today headlines",
    "trackingId" : "83DE2FC7-563F-4515-B687-4A0CC2FFE5CD",
    "translated" : null,
    "detectedLanguage" : null,
    "translatedLanguage" : null,
    "translatedBy" : null,
    "exampleEntities" : [ ]
  } ],
  "autoCompleteData" : [ ]
}