{
  "name" : "AskAboutUniversAnswer",
  "trackingId" : "962AD81B-68C2-47BE-847D-A889F681322E",
  "enabled" : true,
  "intentParameters" : [ {
    "name" : "SmallTalkEntity",
    "required" : true,
    "entity" : "SmallTalkEntity",
    "trackingId" : "B65157EA-D961-4C18-807B-DE7A1CE39F5B"
  } ],
  "exampleData" : [ {
    "sentence" : "what is the answer to universe and everything",
    "trackingId" : "35B5365C-25CA-45E5-A993-A49D1922956D",
    "translated" : null,
    "detectedLanguage" : null,
    "translatedLanguage" : null,
    "translatedBy" : null,
    "exampleEntities" : [ ]
  }, {
    "sentence" : "what is the answer to the universe",
    "trackingId" : "2ED8BB61-BE91-4C4A-A61D-D59F18D70125",
    "translated" : null,
    "detectedLanguage" : null,
    "translatedLanguage" : null,
    "translatedBy" : null,
    "exampleEntities" : [ ]
  }, {
    "sentence" : "the answer to everything and universe",
    "trackingId" : "C8EEDB7A-CA41-469B-8A6B-F50E28AB6BF2",
    "translated" : null,
    "detectedLanguage" : null,
    "translatedLanguage" : null,
    "translatedBy" : null,
    "exampleEntities" : [ ]
  }, {
    "sentence" : "do you know the answer of the universe",
    "trackingId" : "C2154AAA-BCBA-4587-85DD-FC345A7049CF",
    "translated" : null,
    "detectedLanguage" : null,
    "translatedLanguage" : null,
    "translatedBy" : null,
    "exampleEntities" : [ ]
  }, {
    "sentence" : "the answer of the universe",
    "trackingId" : "E4AF1AE6-D0E5-4850-926D-128D00B45AD5",
    "translated" : null,
    "detectedLanguage" : null,
    "translatedLanguage" : null,
    "translatedBy" : null,
    "exampleEntities" : [ ]
  } ],
  "autoCompleteData" : [ ]
}