{
  "name" : "AskConfidence",
  "trackingId" : "D69304D7-4447-4D66-AEE9-C71E41F93572",
  "enabled" : true,
  "intentParameters" : [ {
    "name" : "SmallTalkEntity",
    "required" : true,
    "entity" : "SmallTalkEntity",
    "trackingId" : "F4730DB9-6888-4215-8161-E06E23F04822"
  } ],
  "exampleData" : [ {
    "sentence" : "how sure is that",
    "trackingId" : "2F6B5E3C-B759-4D63-A393-B73108958D93",
    "translated" : null,
    "detectedLanguage" : null,
    "translatedLanguage" : null,
    "translatedBy" : null,
    "exampleEntities" : [ ]
  }, {
    "sentence" : "are you confident",
    "trackingId" : "AA7EB7F7-C26B-47AF-8EED-4A83B821281F",
    "translated" : null,
    "detectedLanguage" : null,
    "translatedLanguage" : null,
    "translatedBy" : null,
    "exampleEntities" : [ ]
  }, {
    "sentence" : "how sure you are",
    "trackingId" : "2E5B0B6D-E74D-419E-8B8E-CD2CCF3624A9",
    "translated" : null,
    "detectedLanguage" : null,
    "translatedLanguage" : null,
    "translatedBy" : null,
    "exampleEntities" : [ ]
  }, {
    "sentence" : "you sure",
    "trackingId" : "2FF42AA9-9452-4A54-B16C-54D2D7AF4C3B",
    "translated" : null,
    "detectedLanguage" : null,
    "translatedLanguage" : null,
    "translatedBy" : null,
    "exampleEntities" : [ ]
  }, {
    "sentence" : "are you sure",
    "trackingId" : "0C66B20A-C215-40BC-B2F8-9729969CC44F",
    "translated" : null,
    "detectedLanguage" : null,
    "translatedLanguage" : null,
    "translatedBy" : null,
    "exampleEntities" : [ ]
  }, {
    "sentence" : "you positive",
    "trackingId" : "111551A0-4B8F-49A6-A3FA-E684BACA5E88",
    "translated" : null,
    "detectedLanguage" : null,
    "translatedLanguage" : null,
    "translatedBy" : null,
    "exampleEntities" : [ ]
  } ],
  "autoCompleteData" : [ ]
}