{
  "name" : "AskCapabilities",
  "trackingId" : "2FEEB10E-BD60-4CF4-A395-EB850446EEF0",
  "enabled" : true,
  "intentParameters" : [ {
    "name" : "SmallTalkEntity",
    "required" : true,
    "entity" : "SmallTalkEntity",
    "trackingId" : "E693DBC7-84E3-4237-BA0B-6FA0E71BA880"
  } ],
  "exampleData" : [ {
    "sentence" : "do you have backend system integration capabilities",
    "trackingId" : "EDBF88D1-BCF4-40DE-9FE9-B3223D8D130D",
    "translated" : null,
    "detectedLanguage" : null,
    "translatedLanguage" : null,
    "translatedBy" : null,
    "exampleEntities" : [ ]
  }, {
    "sentence" : "what is your backend support",
    "trackingId" : "6A1164C5-4374-4A11-8CF8-3A8F0C88E3DB",
    "translated" : null,
    "detectedLanguage" : null,
    "translatedLanguage" : null,
    "translatedBy" : null,
    "exampleEntities" : [ ]
  }, {
    "sentence" : "can you integrate to other backend systems",
    "trackingId" : "D56D74B6-A566-4888-9FE8-CE5234EA7646",
    "translated" : null,
    "detectedLanguage" : null,
    "translatedLanguage" : null,
    "translatedBy" : null,
    "exampleEntities" : [ ]
  }, {
    "sentence" : "what are your backend capabilities",
    "trackingId" : "2A9DD20B-57BA-4938-B7CE-7FDAFEA2D329",
    "translated" : null,
    "detectedLanguage" : null,
    "translatedLanguage" : null,
    "translatedBy" : null,
    "exampleEntities" : [ ]
  }, {
    "sentence" : "explain your backend support",
    "trackingId" : "CB29D0A8-D18F-4307-8375-6049B668410F",
    "translated" : null,
    "detectedLanguage" : null,
    "translatedLanguage" : null,
    "translatedBy" : null,
    "exampleEntities" : [ ]
  } ],
  "autoCompleteData" : [ ]
}