{
  "name" : "AskFeelings",
  "trackingId" : "B1D6406A-2E25-4BCC-A6F5-1E6D04B836C0",
  "enabled" : true,
  "intentParameters" : [ {
    "name" : "SmallTalkEntity",
    "required" : true,
    "entity" : "SmallTalkEntity",
    "trackingId" : "AF64815D-C85D-41B7-B183-7056E4F88659"
  } ],
  "exampleData" : [ {
    "sentence" : "can you feel something",
    "trackingId" : "1EDCB4F0-B162-44E5-9CD0-DCA17C8BDE13",
    "translated" : null,
    "detectedLanguage" : null,
    "translatedLanguage" : null,
    "translatedBy" : null,
    "exampleEntities" : [ ]
  }, {
    "sentence" : "do you have any feelings",
    "trackingId" : "5C598066-AAB7-43DC-931E-B4A4EB3B5015",
    "translated" : null,
    "detectedLanguage" : null,
    "translatedLanguage" : null,
    "translatedBy" : null,
    "exampleEntities" : [ ]
  }, {
    "sentence" : "how do you feel",
    "trackingId" : "D8C9E2D4-133A-4874-B6AC-6B0833F98DE3",
    "translated" : null,
    "detectedLanguage" : null,
    "translatedLanguage" : null,
    "translatedBy" : null,
    "exampleEntities" : [ ]
  }, {
    "sentence" : "how are the feelings",
    "trackingId" : "D48B7B99-B018-416F-A994-D5DEAD3E4C2C",
    "translated" : null,
    "detectedLanguage" : null,
    "translatedLanguage" : null,
    "translatedBy" : null,
    "exampleEntities" : [ ]
  }, {
    "sentence" : "how do you feel man",
    "trackingId" : "F5A6DAF2-3986-42E7-B967-B6B30D266338",
    "translated" : null,
    "detectedLanguage" : null,
    "translatedLanguage" : null,
    "translatedBy" : null,
    "exampleEntities" : [ ]
  } ],
  "autoCompleteData" : [ ]
}