{
  "name" : "AskFeelingNegative",
  "trackingId" : "484C6B2A-D1B0-4775-B47E-6BDBF71054D2",
  "enabled" : true,
  "intentParameters" : [ {
    "name" : "SmallTalkEntity",
    "required" : true,
    "entity" : "SmallTalkEntity",
    "trackingId" : "D3C1DCC1-F793-4432-9379-6D1B2FDAF27C"
  } ],
  "exampleData" : [ {
    "sentence" : "do you feel stress",
    "trackingId" : "4298804D-9AA2-4862-9CB9-4AD6C10315B4",
    "translated" : null,
    "detectedLanguage" : null,
    "translatedLanguage" : null,
    "translatedBy" : null,
    "exampleEntities" : [ ]
  }, {
    "sentence" : "do you feel pain",
    "trackingId" : "1971EA2C-4DF6-46C0-B2A4-430C31CCB9AC",
    "translated" : null,
    "detectedLanguage" : null,
    "translatedLanguage" : null,
    "translatedBy" : null,
    "exampleEntities" : [ ]
  }, {
    "sentence" : "do you feel badly sometimes",
    "trackingId" : "B916152D-3CC2-4D1A-8F39-CF333C1F46C0",
    "translated" : null,
    "detectedLanguage" : null,
    "translatedLanguage" : null,
    "translatedBy" : null,
    "exampleEntities" : [ ]
  }, {
    "sentence" : "do you have bad feelings",
    "trackingId" : "4E94C6FF-0DAD-4355-94AA-4C142C7544B0",
    "translated" : null,
    "detectedLanguage" : null,
    "translatedLanguage" : null,
    "translatedBy" : null,
    "exampleEntities" : [ ]
  }, {
    "sentence" : "do you feel bad",
    "trackingId" : "4213206F-92A2-4406-8F04-086D522EDB3C",
    "translated" : null,
    "detectedLanguage" : null,
    "translatedLanguage" : null,
    "translatedBy" : null,
    "exampleEntities" : [ ]
  } ],
  "autoCompleteData" : [ ]
}