{
  "name" : "AskForMore",
  "trackingId" : "D6410416-FD90-4663-BA4B-E8E1860EC347",
  "enabled" : true,
  "intentParameters" : [ {
    "name" : "SmallTalkEntity",
    "required" : true,
    "entity" : "SmallTalkEntity",
    "trackingId" : "BAEA20B6-88BD-419B-8F22-CF1E6F9F5512"
  } ],
  "exampleData" : [ {
    "sentence" : "can you give me more information",
    "trackingId" : "65541584-46A8-4524-B4A4-121DCE22FF10",
    "translated" : null,
    "detectedLanguage" : null,
    "translatedLanguage" : null,
    "translatedBy" : null,
    "exampleEntities" : [ ]
  }, {
    "sentence" : "can you tell me more",
    "trackingId" : "211B7065-9BDC-4268-9185-A61099CCF733",
    "translated" : null,
    "detectedLanguage" : null,
    "translatedLanguage" : null,
    "translatedBy" : null,
    "exampleEntities" : [ ]
  }, {
    "sentence" : "show me more information",
    "trackingId" : "751DA8AB-ACBA-433E-9AF4-889DAD31EBB7",
    "translated" : null,
    "detectedLanguage" : null,
    "translatedLanguage" : null,
    "translatedBy" : null,
    "exampleEntities" : [ ]
  }, {
    "sentence" : "show me more details",
    "trackingId" : "14F651AB-1E31-4C88-940A-90783E12B648",
    "translated" : null,
    "detectedLanguage" : null,
    "translatedLanguage" : null,
    "translatedBy" : null,
    "exampleEntities" : [ ]
  }, {
    "sentence" : "tell me more",
    "trackingId" : "261B81E5-BE6A-4574-8E6D-C1C8595E4A26",
    "translated" : null,
    "detectedLanguage" : null,
    "translatedLanguage" : null,
    "translatedBy" : null,
    "exampleEntities" : [ ]
  }, {
    "sentence" : "I want to know more",
    "trackingId" : "64E59775-E07C-4898-BABC-A606E37E5418",
    "translated" : null,
    "detectedLanguage" : null,
    "translatedLanguage" : null,
    "translatedBy" : null,
    "exampleEntities" : [ ]
  }, {
    "sentence" : "I wanna know more",
    "trackingId" : "037D7383-9EDB-43F1-842C-AE1263352B34",
    "translated" : null,
    "detectedLanguage" : null,
    "translatedLanguage" : null,
    "translatedBy" : null,
    "exampleEntities" : [ ]
  }, {
    "sentence" : "show me more",
    "trackingId" : "D8A7A498-F1BD-4C14-9449-881DC6CEBCA5",
    "translated" : null,
    "detectedLanguage" : null,
    "translatedLanguage" : null,
    "translatedBy" : null,
    "exampleEntities" : [ ]
  } ],
  "autoCompleteData" : [ ]
}