{
  "name" : "AskGender",
  "trackingId" : "2D5905D0-85B8-4FB6-8AAF-B303FF160A56",
  "enabled" : true,
  "intentParameters" : [ {
    "name" : "SmallTalkEntity",
    "required" : true,
    "entity" : "SmallTalkEntity",
    "trackingId" : "7B81C244-B6FF-41C3-877D-E2C444EAA279"
  } ],
  "exampleData" : [ {
    "sentence" : "are you a girl or a boy",
    "trackingId" : "CB50088B-DC32-47B1-A842-F3D51FE1E383",
    "translated" : null,
    "detectedLanguage" : null,
    "translatedLanguage" : null,
    "translatedBy" : null,
    "exampleEntities" : [ ]
  }, {
    "sentence" : "do you have gender",
    "trackingId" : "4857A91C-A878-4AEE-A5DF-0F335C6E6CEE",
    "translated" : null,
    "detectedLanguage" : null,
    "translatedLanguage" : null,
    "translatedBy" : null,
    "exampleEntities" : [ ]
  }, {
    "sentence" : "are you male or female",
    "trackingId" : "57605B1E-0BD7-400A-875F-A81FA2A27737",
    "translated" : null,
    "detectedLanguage" : null,
    "translatedLanguage" : null,
    "translatedBy" : null,
    "exampleEntities" : [ ]
  }, {
    "sentence" : "do you have sex",
    "trackingId" : "0009FA6F-186C-451A-8793-F69E1CD10E68",
    "translated" : null,
    "detectedLanguage" : null,
    "translatedLanguage" : null,
    "translatedBy" : null,
    "exampleEntities" : [ ]
  }, {
    "sentence" : "what is your gender",
    "trackingId" : "0A2E4ACC-DC16-47CA-A5C8-9124479785F2",
    "translated" : null,
    "detectedLanguage" : null,
    "translatedLanguage" : null,
    "translatedBy" : null,
    "exampleEntities" : [ ]
  } ],
  "autoCompleteData" : [ ]
}