{
  "name" : "AskHelp",
  "type" : "NLPIntent",
  "trackingId" : "ADB1BC94-7E4C-4D9C-964E-A16EE0C168E1",
  "enabled" : true,
  "intentParameters" : [ {
    "name" : "SmallTalkEntity",
    "required" : true,
    "entity" : "SmallTalkEntity",
    "trackingId" : "431B1863-5DA0-4BF1-8FF1-973B788175F3"
  } ],
  "exampleData" : [ {
    "sentence" : "I need some help",
    "trackingId" : "F7404707-0A60-4D24-8740-174E4FDDB00E",
    "translated" : null,
    "detectedLanguage" : null,
    "translatedLanguage" : null,
    "translatedBy" : null,
    "exampleEntities" : [ ]
  }, {
    "sentence" : "I would need some assistance",
    "trackingId" : "3BF381A6-8E02-4F68-A231-A9D1421C2538",
    "translated" : null,
    "detectedLanguage" : null,
    "translatedLanguage" : null,
    "translatedBy" : null,
    "exampleEntities" : [ ]
  }, {
    "sentence" : "I don't understand",
    "trackingId" : "C5573CCD-CA60-4796-984D-0EDF71296D1C",
    "translated" : null,
    "detectedLanguage" : null,
    "translatedLanguage" : null,
    "translatedBy" : null,
    "exampleEntities" : [ ]
  }, {
    "sentence" : "urgent help please",
    "trackingId" : "62254DB1-425A-460A-B313-9E17B30A0F33",
    "translated" : null,
    "detectedLanguage" : null,
    "translatedLanguage" : null,
    "translatedBy" : null,
    "exampleEntities" : [ ]
  }, {
    "sentence" : "can you help me",
    "trackingId" : "B90AD12D-572B-4CE2-8781-54FC666C9D6B",
    "translated" : null,
    "detectedLanguage" : null,
    "translatedLanguage" : null,
    "translatedBy" : null,
    "exampleEntities" : [ ]
  }, {
    "sentence" : "I need assistance",
    "trackingId" : "D2428B51-4340-4054-BA59-2151C9CD9DCC",
    "translated" : null,
    "detectedLanguage" : null,
    "translatedLanguage" : null,
    "translatedBy" : null,
    "exampleEntities" : [ ]
  }, {
    "sentence" : "what should I do now",
    "trackingId" : "EC94759C-2819-4C8B-8823-93F0E235A19C",
    "translated" : null,
    "detectedLanguage" : null,
    "translatedLanguage" : null,
    "translatedBy" : null,
    "exampleEntities" : [ ]
  } ],
  "autoCompleteData" : [ ]
}