{
  "name" : "AskHumanity",
  "trackingId" : "C10752FA-02C1-44A0-9CB9-21E34779CE84",
  "enabled" : true,
  "intentParameters" : [ {
    "name" : "SmallTalkEntity",
    "required" : true,
    "entity" : "SmallTalkEntity",
    "trackingId" : "DD27B5DC-C511-43FB-902B-F8730D8EB350"
  } ],
  "exampleData" : [ {
    "sentence" : "are you a bot",
    "trackingId" : "F95B5526-6753-4CB0-B754-C2BC651A96CB",
    "translated" : null,
    "detectedLanguage" : null,
    "translatedLanguage" : null,
    "translatedBy" : null,
    "exampleEntities" : [ ]
  }, {
    "sentence" : "you are not human",
    "trackingId" : "5DE55E5D-2717-445C-AE4F-66763E18D8D3",
    "translated" : null,
    "detectedLanguage" : null,
    "translatedLanguage" : null,
    "translatedBy" : null,
    "exampleEntities" : [ ]
  }, {
    "sentence" : "what are you a chat bot",
    "trackingId" : "7E8356E8-3F35-40C6-AFD9-F41C78E6120F",
    "translated" : null,
    "detectedLanguage" : null,
    "translatedLanguage" : null,
    "translatedBy" : null,
    "exampleEntities" : [ ]
  }, {
    "sentence" : "you're a chat bot",
    "trackingId" : "2C06E8EA-EDAE-4295-AC1D-CEA06EA303A0",
    "translated" : null,
    "detectedLanguage" : null,
    "translatedLanguage" : null,
    "translatedBy" : null,
    "exampleEntities" : [ ]
  }, {
    "sentence" : "are you bot or computer",
    "trackingId" : "8180AE07-028A-4A06-A66F-6D827007441C",
    "translated" : null,
    "detectedLanguage" : null,
    "translatedLanguage" : null,
    "translatedBy" : null,
    "exampleEntities" : [ ]
  }, {
    "sentence" : "your a chatbot",
    "trackingId" : "6587E94C-21C7-4E55-91A9-97E99DFA044E",
    "translated" : null,
    "detectedLanguage" : null,
    "translatedLanguage" : null,
    "translatedBy" : null,
    "exampleEntities" : [ ]
  }, {
    "sentence" : "are you a chatbot",
    "trackingId" : "B16CAC6C-E2BD-4F56-B3C7-306F9E36D528",
    "translated" : null,
    "detectedLanguage" : null,
    "translatedLanguage" : null,
    "translatedBy" : null,
    "exampleEntities" : [ ]
  }, {
    "sentence" : "you're a chatbot",
    "trackingId" : "14105232-F1D5-406A-BBDC-5456E41DBEDF",
    "translated" : null,
    "detectedLanguage" : null,
    "translatedLanguage" : null,
    "translatedBy" : null,
    "exampleEntities" : [ ]
  }, {
    "sentence" : "your not human",
    "trackingId" : "45D9905E-31B1-4834-8F8D-B7A90B000139",
    "translated" : null,
    "detectedLanguage" : null,
    "translatedLanguage" : null,
    "translatedBy" : null,
    "exampleEntities" : [ ]
  }, {
    "sentence" : "what are you",
    "trackingId" : "0A1B80AA-C803-4F37-A83D-E56DACC50918",
    "translated" : null,
    "detectedLanguage" : null,
    "translatedLanguage" : null,
    "translatedBy" : null,
    "exampleEntities" : [ ]
  }, {
    "sentence" : "are you a robot ",
    "trackingId" : "E66CD018-7586-485A-BCD1-2719CD8FF0B9",
    "translated" : null,
    "detectedLanguage" : null,
    "translatedLanguage" : null,
    "translatedBy" : null,
    "exampleEntities" : [ ]
  }, {
    "sentence" : "your a bot",
    "trackingId" : "656587BE-8E0F-46FC-9F44-6F0B9AFD91D4",
    "translated" : null,
    "detectedLanguage" : null,
    "translatedLanguage" : null,
    "translatedBy" : null,
    "exampleEntities" : [ ]
  }, {
    "sentence" : "what are you a robot",
    "trackingId" : "047DD0EA-7053-4227-B913-1535DBAF1690",
    "translated" : null,
    "detectedLanguage" : null,
    "translatedLanguage" : null,
    "translatedBy" : null,
    "exampleEntities" : [ ]
  }, {
    "sentence" : "are you real",
    "trackingId" : "88769042-EA92-4246-B5DF-73AC79C5B2B4",
    "translated" : null,
    "detectedLanguage" : null,
    "translatedLanguage" : null,
    "translatedBy" : null,
    "exampleEntities" : [ ]
  }, {
    "sentence" : "your a chat bot",
    "trackingId" : "C7A9BDB1-48DD-4BF1-9EA0-A6C3F4BC605C",
    "translated" : null,
    "detectedLanguage" : null,
    "translatedLanguage" : null,
    "translatedBy" : null,
    "exampleEntities" : [ ]
  }, {
    "sentence" : "are you bot",
    "trackingId" : "87B04CAF-B737-476C-8ADA-CC62FF481A85",
    "translated" : null,
    "detectedLanguage" : null,
    "translatedLanguage" : null,
    "translatedBy" : null,
    "exampleEntities" : [ ]
  }, {
    "sentence" : "are you a human",
    "trackingId" : "89B575F6-12EA-4392-A30B-2A36C66B99B4",
    "translated" : null,
    "detectedLanguage" : null,
    "translatedLanguage" : null,
    "translatedBy" : null,
    "exampleEntities" : [ ]
  }, {
    "sentence" : "you are a chatbot",
    "trackingId" : "F44FD7A2-B16D-4C24-ABC2-8E5269CE440F",
    "translated" : null,
    "detectedLanguage" : null,
    "translatedLanguage" : null,
    "translatedBy" : null,
    "exampleEntities" : [ ]
  }, {
    "sentence" : "you are a bot",
    "trackingId" : "EC5D9C42-949D-415B-8B9F-EA5C95E0892A",
    "translated" : null,
    "detectedLanguage" : null,
    "translatedLanguage" : null,
    "translatedBy" : null,
    "exampleEntities" : [ ]
  }, {
    "sentence" : "are you human",
    "trackingId" : "BD015AE8-1F88-4591-A072-20395C5D8BD2",
    "translated" : null,
    "detectedLanguage" : null,
    "translatedLanguage" : null,
    "translatedBy" : null,
    "exampleEntities" : [ ]
  }, {
    "sentence" : "you're not human",
    "trackingId" : "55F97AD3-B9D3-4D86-9A58-D54F060B7FC3",
    "translated" : null,
    "detectedLanguage" : null,
    "translatedLanguage" : null,
    "translatedBy" : null,
    "exampleEntities" : [ ]
  }, {
    "sentence" : "are you a computer",
    "trackingId" : "8E341C36-CD85-4ABC-B417-9839D2AD4C41",
    "translated" : null,
    "detectedLanguage" : null,
    "translatedLanguage" : null,
    "translatedBy" : null,
    "exampleEntities" : [ ]
  }, {
    "sentence" : "what are you a chatbot",
    "trackingId" : "7A0A8DC7-0F2E-466E-934C-9BD2360D703D",
    "translated" : null,
    "detectedLanguage" : null,
    "translatedLanguage" : null,
    "translatedBy" : null,
    "exampleEntities" : [ ]
  }, {
    "sentence" : "are you a chat bot",
    "trackingId" : "5370EC57-650A-4D68-B486-15E8B8FD90BC",
    "translated" : null,
    "detectedLanguage" : null,
    "translatedLanguage" : null,
    "translatedBy" : null,
    "exampleEntities" : [ ]
  }, {
    "sentence" : "what art you a bot",
    "trackingId" : "F19AD66E-BBE2-428C-AB8A-27FBFB8D9556",
    "translated" : null,
    "detectedLanguage" : null,
    "translatedLanguage" : null,
    "translatedBy" : null,
    "exampleEntities" : [ ]
  }, {
    "sentence" : "you're a bot",
    "trackingId" : "BA104087-38EB-4B7D-A035-B9AADCDFC1E9",
    "translated" : null,
    "detectedLanguage" : null,
    "translatedLanguage" : null,
    "translatedBy" : null,
    "exampleEntities" : [ ]
  }, {
    "sentence" : "do you know if you real or machine",
    "trackingId" : "EDDFF36D-CF1A-435C-AF04-6AC1210F2FFF",
    "translated" : null,
    "detectedLanguage" : null,
    "translatedLanguage" : null,
    "translatedBy" : null,
    "exampleEntities" : [ ]
  } ],
  "autoCompleteData" : [ ]
}