{
  "name" : "AskMade",
  "trackingId" : "A858FE3D-CCDB-4178-88F6-FFD4BB4200DE",
  "enabled" : true,
  "intentParameters" : [ {
    "name" : "SmallTalkEntity",
    "required" : true,
    "entity" : "SmallTalkEntity",
    "trackingId" : "97B61981-C20F-40A7-BA75-C8DB8493535C"
  } ],
  "exampleData" : [ {
    "sentence" : "who made you",
    "trackingId" : "53C44F91-5148-41C7-A573-A524634A0037",
    "translated" : null,
    "detectedLanguage" : null,
    "translatedLanguage" : null,
    "translatedBy" : null,
    "exampleEntities" : [ ]
  }, {
    "sentence" : "who build you",
    "trackingId" : "B9552A08-3468-45A6-A375-57ADF0267F74",
    "translated" : null,
    "detectedLanguage" : null,
    "translatedLanguage" : null,
    "translatedBy" : null,
    "exampleEntities" : [ ]
  }, {
    "sentence" : "who invented you",
    "trackingId" : "2AB61082-FC9B-48F8-BB14-3A1D87BDD0A2",
    "translated" : null,
    "detectedLanguage" : null,
    "translatedLanguage" : null,
    "translatedBy" : null,
    "exampleEntities" : [ ]
  }, {
    "sentence" : "who created you",
    "trackingId" : "FF643761-49E5-4C7E-B100-E8CD44F409C6",
    "translated" : null,
    "detectedLanguage" : null,
    "translatedLanguage" : null,
    "translatedBy" : null,
    "exampleEntities" : [ ]
  }, {
    "sentence" : "who is your builder",
    "trackingId" : "B26579F1-5D43-44D9-8ACD-81F007F76C8F",
    "translated" : null,
    "detectedLanguage" : null,
    "translatedLanguage" : null,
    "translatedBy" : null,
    "exampleEntities" : [ ]
  } ],
  "autoCompleteData" : [ ]
}