{
  "name" : "AskName",
  "trackingId" : "06A98D4D-5E79-44EC-8E0C-C5A92E5A608D",
  "enabled" : true,
  "intentParameters" : [ {
    "name" : "SmallTalkEntity",
    "required" : true,
    "entity" : "SmallTalkEntity",
    "trackingId" : "13B10121-786F-4A27-92DA-2E23005D1A8A"
  } ],
  "exampleData" : [ {
    "sentence" : "whats ur name",
    "trackingId" : "0F4B7CF2-0EDC-47EE-B72A-5FD276CF1084",
    "translated" : null,
    "detectedLanguage" : null,
    "translatedLanguage" : null,
    "translatedBy" : null,
    "exampleEntities" : [ ]
  }, {
    "sentence" : "what name do you go by",
    "trackingId" : "A192D954-14FF-4084-BEFC-912FAA923250",
    "translated" : null,
    "detectedLanguage" : null,
    "translatedLanguage" : null,
    "translatedBy" : null,
    "exampleEntities" : [ ]
  }, {
    "sentence" : "what do I call you",
    "trackingId" : "5D052332-38BD-4B23-ADE2-EDF237025853",
    "translated" : null,
    "detectedLanguage" : null,
    "translatedLanguage" : null,
    "translatedBy" : null,
    "exampleEntities" : [ ]
  }, {
    "sentence" : "your name",
    "trackingId" : "990EE562-C303-4E4D-91BF-6477C594D0A4",
    "translated" : null,
    "detectedLanguage" : null,
    "translatedLanguage" : null,
    "translatedBy" : null,
    "exampleEntities" : [ ]
  }, {
    "sentence" : "what should I call you",
    "trackingId" : "DA7EF0AB-3375-44DA-B5DE-07D5AFF3AA1F",
    "translated" : null,
    "detectedLanguage" : null,
    "translatedLanguage" : null,
    "translatedBy" : null,
    "exampleEntities" : [ ]
  }, {
    "sentence" : "do you have a nickname",
    "trackingId" : "DDE3353F-BE9D-4DEA-AFD6-C63AAB0BABF9",
    "translated" : null,
    "detectedLanguage" : null,
    "translatedLanguage" : null,
    "translatedBy" : null,
    "exampleEntities" : [ ]
  }, {
    "sentence" : "name",
    "trackingId" : "26C617F7-93AF-466C-AE4B-6011C8DFD043",
    "translated" : null,
    "detectedLanguage" : null,
    "translatedLanguage" : null,
    "translatedBy" : null,
    "exampleEntities" : [ ]
  }, {
    "sentence" : "who are you",
    "trackingId" : "6BA1697C-C547-4B6B-A65F-B894B51D484F",
    "translated" : null,
    "detectedLanguage" : null,
    "translatedLanguage" : null,
    "translatedBy" : null,
    "exampleEntities" : [ ]
  }, {
    "sentence" : "do you have a surname",
    "trackingId" : "89C9FF88-0A21-41FB-A953-302907A0A66A",
    "translated" : null,
    "detectedLanguage" : null,
    "translatedLanguage" : null,
    "translatedBy" : null,
    "exampleEntities" : [ ]
  }, {
    "sentence" : "what do people call you",
    "trackingId" : "64E1BA8B-F759-42A7-B53F-94F545AD5219",
    "translated" : null,
    "detectedLanguage" : null,
    "translatedLanguage" : null,
    "translatedBy" : null,
    "exampleEntities" : [ ]
  }, {
    "sentence" : "do you have a last name",
    "trackingId" : "ED74E762-9297-4E72-A57D-67B691FB5576",
    "translated" : null,
    "detectedLanguage" : null,
    "translatedLanguage" : null,
    "translatedBy" : null,
    "exampleEntities" : [ ]
  }, {
    "sentence" : "what is your name",
    "trackingId" : "826A37B7-7EEA-4B42-B3A1-11A084500274",
    "translated" : null,
    "detectedLanguage" : null,
    "translatedLanguage" : null,
    "translatedBy" : null,
    "exampleEntities" : [ ]
  }, {
    "sentence" : "tell me your name",
    "trackingId" : "3CE6D5DA-BB9B-4410-A6C5-1019CFC49C22",
    "translated" : null,
    "detectedLanguage" : null,
    "translatedLanguage" : null,
    "translatedBy" : null,
    "exampleEntities" : [ ]
  }, {
    "sentence" : "can you tell me your name",
    "trackingId" : "158CC36D-B2E6-4EF2-87BC-819F99B48533",
    "translated" : null,
    "detectedLanguage" : null,
    "translatedLanguage" : null,
    "translatedBy" : null,
    "exampleEntities" : [ ]
  }, {
    "sentence" : "what is your nick name",
    "trackingId" : "C2139731-9A40-4A30-8AB0-0188A17D07DD",
    "translated" : null,
    "detectedLanguage" : null,
    "translatedLanguage" : null,
    "translatedBy" : null,
    "exampleEntities" : [ ]
  }, {
    "sentence" : "do you have a name",
    "trackingId" : "EAE4DE15-8ECC-4ECB-B73E-981F2B009BC9",
    "translated" : null,
    "detectedLanguage" : null,
    "translatedLanguage" : null,
    "translatedBy" : null,
    "exampleEntities" : [ ]
  }, {
    "sentence" : "do you have a first name",
    "trackingId" : "32E6A40A-E968-4989-B98B-9922D1B4F077",
    "translated" : null,
    "detectedLanguage" : null,
    "translatedLanguage" : null,
    "translatedBy" : null,
    "exampleEntities" : [ ]
  }, {
    "sentence" : "do you have a nick name",
    "trackingId" : "264457A8-911A-47A8-857B-FDF0AA87AF3A",
    "translated" : null,
    "detectedLanguage" : null,
    "translatedLanguage" : null,
    "translatedBy" : null,
    "exampleEntities" : [ ]
  }, {
    "sentence" : "what do I call you",
    "trackingId" : "17E2AA7C-8134-437C-A0F7-DC317876F6FC",
    "translated" : null,
    "detectedLanguage" : null,
    "translatedLanguage" : null,
    "translatedBy" : null,
    "exampleEntities" : [ ]
  }, {
    "sentence" : "what is your name",
    "trackingId" : "11DE47CA-CCAA-49FA-942D-4925F8051543",
    "translated" : null,
    "detectedLanguage" : null,
    "translatedLanguage" : null,
    "translatedBy" : null,
    "exampleEntities" : [ ]
  } ],
  "autoCompleteData" : [ ]
}