{
  "name" : "AskOpenSource",
  "type" : "NLPIntent",
  "trackingId" : "C5D891DF-2C63-4901-B353-9AB439891883",
  "enabled" : true,
  "intentParameters" : [ {
    "name" : "SmallTalkEntity",
    "required" : true,
    "entity" : "SmallTalkEntity",
    "trackingId" : "894F9EDB-2332-4084-9ED7-E409D3CA45DE"
  } ],
  "exampleData" : [ {
    "sentence" : "do you use any open source technologies",
    "trackingId" : "F291FCBD-8C7B-470F-90A1-43950D3EAB6D",
    "translated" : null,
    "detectedLanguage" : null,
    "translatedLanguage" : null,
    "translatedBy" : null,
    "exampleEntities" : [ ]
  }, {
    "sentence" : "any open source tricks",
    "trackingId" : "AAA44D4C-4133-46FE-94BE-E2180664808E",
    "translated" : null,
    "detectedLanguage" : null,
    "translatedLanguage" : null,
    "translatedBy" : null,
    "exampleEntities" : [ ]
  }, {
    "sentence" : "what open source technologies do you use",
    "trackingId" : "5698308B-6EBA-4FF7-BE36-B5A9CA025DAB",
    "translated" : null,
    "detectedLanguage" : null,
    "translatedLanguage" : null,
    "translatedBy" : null,
    "exampleEntities" : [ ]
  }, {
    "sentence" : "what open source libraries do you use",
    "trackingId" : "64BC08DF-7D83-4BF8-943A-76C63C438F87",
    "translated" : null,
    "detectedLanguage" : null,
    "translatedLanguage" : null,
    "translatedBy" : null,
    "exampleEntities" : [ ]
  }, {
    "sentence" : "do you use any open source",
    "trackingId" : "D0B5BAFD-1C30-44AC-93A6-549107436F27",
    "translated" : null,
    "detectedLanguage" : null,
    "translatedLanguage" : null,
    "translatedBy" : null,
    "exampleEntities" : [ ]
  } ],
  "autoCompleteData" : [ ]
}