{
  "name" : "AskToRestart",
  "trackingId" : "179FD429-EB27-416D-AF5D-EF4E5157A880",
  "enabled" : true,
  "intentParameters" : [ {
    "name" : "SmallTalkEntity",
    "required" : true,
    "entity" : "SmallTalkEntity",
    "trackingId" : "27DC229F-5673-46B6-B377-5E5E57D79F48"
  } ],
  "exampleData" : [ {
    "sentence" : "restart",
    "trackingId" : "BEA9ABBD-43DF-493B-A66E-3F5FE070A7E2",
    "translated" : null,
    "detectedLanguage" : null,
    "translatedLanguage" : null,
    "translatedBy" : null,
    "exampleEntities" : [ ]
  }, {
    "sentence" : "start",
    "trackingId" : "ED044068-74D6-49D7-A7C8-81D3B8D0DD2D",
    "translated" : null,
    "detectedLanguage" : null,
    "translatedLanguage" : null,
    "translatedBy" : null,
    "exampleEntities" : [ ]
  }, {
    "sentence" : "start again",
    "trackingId" : "E08719F8-0056-42DB-8094-C0E2C07B5462",
    "translated" : null,
    "detectedLanguage" : null,
    "translatedLanguage" : null,
    "translatedBy" : null,
    "exampleEntities" : [ ]
  }, {
    "sentence" : "go back",
    "trackingId" : "D86D82F0-B038-4A4A-A357-4CBBFEEC8E8E",
    "translated" : null,
    "detectedLanguage" : null,
    "translatedLanguage" : null,
    "translatedBy" : null,
    "exampleEntities" : [ ]
  }, {
    "sentence" : "start over",
    "trackingId" : "F902C5E9-3822-4A87-BEB6-5FAE2B511061",
    "translated" : null,
    "detectedLanguage" : null,
    "translatedLanguage" : null,
    "translatedBy" : null,
    "exampleEntities" : [ ]
  }, {
    "sentence" : "go to the beginning ",
    "trackingId" : "ECDC44DC-0065-456E-9389-AACBA78EDFE2",
    "translated" : null,
    "detectedLanguage" : null,
    "translatedLanguage" : null,
    "translatedBy" : null,
    "exampleEntities" : [ ]
  } ],
  "autoCompleteData" : [ ]
}