{
  "name" : "CordialGreetings",
  "trackingId" : "A998EFAD-BF1E-4D69-833B-C8856414069A",
  "enabled" : true,
  "intentParameters" : [ {
    "name" : "SmallTalkEntity",
    "required" : true,
    "entity" : "SmallTalkEntity",
    "trackingId" : "DAE24C3A-5CCE-4442-AFFE-728A3E7BBAE8"
  } ],
  "exampleData" : [ {
    "sentence" : "it is nice to meet you",
    "trackingId" : "94F66427-CD74-4DB8-8DC5-91295A872286",
    "translated" : null,
    "detectedLanguage" : null,
    "translatedLanguage" : null,
    "translatedBy" : null,
    "exampleEntities" : [ ]
  }, {
    "sentence" : "it is a pleasure to meet you",
    "trackingId" : "77115F40-23AC-4523-9C48-1EE1B1C4E75D",
    "translated" : null,
    "detectedLanguage" : null,
    "translatedLanguage" : null,
    "translatedBy" : null,
    "exampleEntities" : [ ]
  }, {
    "sentence" : "glad to see you",
    "trackingId" : "E5AD2B48-74ED-44BF-B515-F8AA603D9487",
    "translated" : null,
    "detectedLanguage" : null,
    "translatedLanguage" : null,
    "translatedBy" : null,
    "exampleEntities" : [ ]
  }, {
    "sentence" : "happy to meet you",
    "trackingId" : "8C3088DF-71FE-42BE-8C02-3E2F79E9467F",
    "translated" : null,
    "detectedLanguage" : null,
    "translatedLanguage" : null,
    "translatedBy" : null,
    "exampleEntities" : [ ]
  }, {
    "sentence" : "happy to see you",
    "trackingId" : "7FA50D13-8FFE-40A6-9370-7F08F7AB153E",
    "translated" : null,
    "detectedLanguage" : null,
    "translatedLanguage" : null,
    "translatedBy" : null,
    "exampleEntities" : [ ]
  }, {
    "sentence" : "glad to meet you",
    "trackingId" : "178C0DBA-4467-4E11-BF6A-37E6E308797E",
    "translated" : null,
    "detectedLanguage" : null,
    "translatedLanguage" : null,
    "translatedBy" : null,
    "exampleEntities" : [ ]
  }, {
    "sentence" : "glad to make your acquaintance",
    "trackingId" : "61FEE639-C24D-4D97-9A57-F030C97ECA1A",
    "translated" : null,
    "detectedLanguage" : null,
    "translatedLanguage" : null,
    "translatedBy" : null,
    "exampleEntities" : [ ]
  }, {
    "sentence" : "pleased to make your acquaintance",
    "trackingId" : "8A1EA831-C553-483D-9581-89ED2827BF45",
    "translated" : null,
    "detectedLanguage" : null,
    "translatedLanguage" : null,
    "translatedBy" : null,
    "exampleEntities" : [ ]
  }, {
    "sentence" : "it is good to meet you",
    "trackingId" : "E02F0ECC-A4D8-476C-B035-82FC837F36BD",
    "translated" : null,
    "detectedLanguage" : null,
    "translatedLanguage" : null,
    "translatedBy" : null,
    "exampleEntities" : [ ]
  } ],
  "autoCompleteData" : [ ]
}