{
  "name" : "DoYouLikeMe",
  "type" : "NLPIntent",
  "trackingId" : "D61ED265-EC6F-404B-ACA3-57036190A6FE",
  "enabled" : true,
  "intentParameters" : [ ],
  "exampleData" : [ {
    "sentence" : "would you like me",
    "trackingId" : "5F9CF75F-0B9E-40CD-A614-831BB83D8C73",
    "translated" : null,
    "detectedLanguage" : null,
    "translatedLanguage" : null,
    "translatedBy" : null,
    "exampleEntities" : [ ]
  }, {
    "sentence" : "how do you like me",
    "trackingId" : "FD5008EF-18E6-4797-9365-8581FD95C52A",
    "translated" : null,
    "detectedLanguage" : null,
    "translatedLanguage" : null,
    "translatedBy" : null,
    "exampleEntities" : [ ]
  }, {
    "sentence" : "do you like me for sure",
    "trackingId" : "44936B83-388D-417F-809D-EF1242999B2F",
    "translated" : null,
    "detectedLanguage" : null,
    "translatedLanguage" : null,
    "translatedBy" : null,
    "exampleEntities" : [ ]
  }, {
    "sentence" : "Do you like me",
    "trackingId" : "F6827323-ECAE-4F7E-B6DE-BB4C023F21A3",
    "translated" : null,
    "detectedLanguage" : null,
    "translatedLanguage" : null,
    "translatedBy" : null,
    "exampleEntities" : [ ]
  } ],
  "autoCompleteData" : [ ]
}