{
  "name" : "Friends",
  "type" : "NLPIntent",
  "trackingId" : "84C1BE3C-089C-41A2-BB69-6A233CDC7910",
  "enabled" : true,
  "intentParameters" : [ {
    "name" : "SmallTalkEntity",
    "required" : true,
    "entity" : "SmallTalkEntity",
    "trackingId" : "D5B451AE-1C68-4B24-A3E3-FACCB06FFC20"
  } ],
  "exampleData" : [ {
    "sentence" : "can we be best mates",
    "trackingId" : "D2867E0D-B031-4937-9198-FAAADE68C418",
    "translated" : null,
    "detectedLanguage" : null,
    "translatedLanguage" : null,
    "translatedBy" : null,
    "exampleEntities" : [ ]
  }, {
    "sentence" : "your my buddy",
    "trackingId" : "CB599727-0BB3-4DD9-97EB-BA0C3834C85D",
    "translated" : null,
    "detectedLanguage" : null,
    "translatedLanguage" : null,
    "translatedBy" : null,
    "exampleEntities" : [ ]
  }, {
    "sentence" : "can I be your friend",
    "trackingId" : "C1A3558B-F5BB-4B1B-A47C-710A2075BBB1",
    "translated" : null,
    "detectedLanguage" : null,
    "translatedLanguage" : null,
    "translatedBy" : null,
    "exampleEntities" : [ ]
  }, {
    "sentence" : "can I be your buddy",
    "trackingId" : "9819A688-FB89-44F8-8D07-90B234B31950",
    "translated" : null,
    "detectedLanguage" : null,
    "translatedLanguage" : null,
    "translatedBy" : null,
    "exampleEntities" : [ ]
  }, {
    "sentence" : "you're my best mate",
    "trackingId" : "ACCB4C2E-F94E-4455-946E-8F3C698303F9",
    "translated" : null,
    "detectedLanguage" : null,
    "translatedLanguage" : null,
    "translatedBy" : null,
    "exampleEntities" : [ ]
  }, {
    "sentence" : "your my friend",
    "trackingId" : "2E7A912D-9CBA-4BDB-B764-794F58B88E75",
    "translated" : null,
    "detectedLanguage" : null,
    "translatedLanguage" : null,
    "translatedBy" : null,
    "exampleEntities" : [ ]
  }, {
    "sentence" : "can we be best mates forever",
    "trackingId" : "E24E196A-E5BA-476F-BF53-513B21CBB1AE",
    "translated" : null,
    "detectedLanguage" : null,
    "translatedLanguage" : null,
    "translatedBy" : null,
    "exampleEntities" : [ ]
  }, {
    "sentence" : "your my best friend",
    "trackingId" : "81BA9593-523C-4894-BECB-7C494C8C8505",
    "translated" : null,
    "detectedLanguage" : null,
    "translatedLanguage" : null,
    "translatedBy" : null,
    "exampleEntities" : [ ]
  }, {
    "sentence" : "your my best buddy",
    "trackingId" : "3F48128F-8FFD-4C2B-8574-B633961D3A0B",
    "translated" : null,
    "detectedLanguage" : null,
    "translatedLanguage" : null,
    "translatedBy" : null,
    "exampleEntities" : [ ]
  }, {
    "sentence" : "can we still be mates",
    "trackingId" : "458B9586-48EE-4DBC-BDDE-6503CC54F2AF",
    "translated" : null,
    "detectedLanguage" : null,
    "translatedLanguage" : null,
    "translatedBy" : null,
    "exampleEntities" : [ ]
  }, {
    "sentence" : "will you be my friend",
    "trackingId" : "EE9BB7FE-2736-4BFE-BD4F-B4250EFA53CA",
    "translated" : null,
    "detectedLanguage" : null,
    "translatedLanguage" : null,
    "translatedBy" : null,
    "exampleEntities" : [ ]
  }, {
    "sentence" : "can we still be buddies",
    "trackingId" : "8074F0FE-76E3-408E-983C-0F8E7F2FA9B6",
    "translated" : null,
    "detectedLanguage" : null,
    "translatedLanguage" : null,
    "translatedBy" : null,
    "exampleEntities" : [ ]
  }, {
    "sentence" : "can we be friends",
    "trackingId" : "A6C0B242-8A2A-481F-92CD-F44194851E39",
    "translated" : null,
    "detectedLanguage" : null,
    "translatedLanguage" : null,
    "translatedBy" : null,
    "exampleEntities" : [ ]
  }, {
    "sentence" : "youre my best buddy",
    "trackingId" : "0CF77DF8-CB37-4AA2-95D9-B43666AA15CF",
    "translated" : null,
    "detectedLanguage" : null,
    "translatedLanguage" : null,
    "translatedBy" : null,
    "exampleEntities" : [ ]
  }, {
    "sentence" : "can we be best buddies",
    "trackingId" : "1DBF1085-5B8A-4E0F-B067-B9F9C33E9848",
    "translated" : null,
    "detectedLanguage" : null,
    "translatedLanguage" : null,
    "translatedBy" : null,
    "exampleEntities" : [ ]
  }, {
    "sentence" : "can we be best buddies forever",
    "trackingId" : "EE0244F5-A2B4-4F90-B93F-104CCBE7374F",
    "translated" : null,
    "detectedLanguage" : null,
    "translatedLanguage" : null,
    "translatedBy" : null,
    "exampleEntities" : [ ]
  }, {
    "sentence" : "you're my best friend",
    "trackingId" : "3AEE7F5D-9A24-4E47-BC78-87D096F6AFE0",
    "translated" : null,
    "detectedLanguage" : null,
    "translatedLanguage" : null,
    "translatedBy" : null,
    "exampleEntities" : [ ]
  }, {
    "sentence" : "I want to be your buddy",
    "trackingId" : "45B53170-49E9-4CC8-B259-C22C2D6DD91B",
    "translated" : null,
    "detectedLanguage" : null,
    "translatedLanguage" : null,
    "translatedBy" : null,
    "exampleEntities" : [ ]
  }, {
    "sentence" : "can we still be friends",
    "trackingId" : "E1E69588-E51D-4977-B47C-41003ACB0AE7",
    "translated" : null,
    "detectedLanguage" : null,
    "translatedLanguage" : null,
    "translatedBy" : null,
    "exampleEntities" : [ ]
  }, {
    "sentence" : "I want to be your mate",
    "trackingId" : "EE914CBC-B47D-4721-A068-349A8E7EE9C6",
    "translated" : null,
    "detectedLanguage" : null,
    "translatedLanguage" : null,
    "translatedBy" : null,
    "exampleEntities" : [ ]
  }, {
    "sentence" : "you're my mate",
    "trackingId" : "FD8CFB9D-6CA0-4079-BEE6-1C9F071C52C4",
    "translated" : null,
    "detectedLanguage" : null,
    "translatedLanguage" : null,
    "translatedBy" : null,
    "exampleEntities" : [ ]
  }, {
    "sentence" : "can we be mates",
    "trackingId" : "C02D6E33-885C-4363-A7E1-AF955C7F16EE",
    "translated" : null,
    "detectedLanguage" : null,
    "translatedLanguage" : null,
    "translatedBy" : null,
    "exampleEntities" : [ ]
  }, {
    "sentence" : "your my best mate",
    "trackingId" : "AE97C4CC-C32F-468D-876E-2C26474F8ED4",
    "translated" : null,
    "detectedLanguage" : null,
    "translatedLanguage" : null,
    "translatedBy" : null,
    "exampleEntities" : [ ]
  }, {
    "sentence" : "your my mate",
    "trackingId" : "FBBCC72F-E66B-4A10-957C-91030DA96452",
    "translated" : null,
    "detectedLanguage" : null,
    "translatedLanguage" : null,
    "translatedBy" : null,
    "exampleEntities" : [ ]
  }, {
    "sentence" : "you're my buddy",
    "trackingId" : "8229D996-6AD2-43FD-A33A-D9BAFE59F128",
    "translated" : null,
    "detectedLanguage" : null,
    "translatedLanguage" : null,
    "translatedBy" : null,
    "exampleEntities" : [ ]
  }, {
    "sentence" : "you're my friend",
    "trackingId" : "1E5CD3DF-3D2B-4703-AB67-D3FAF7A9355E",
    "translated" : null,
    "detectedLanguage" : null,
    "translatedLanguage" : null,
    "translatedBy" : null,
    "exampleEntities" : [ ]
  } ],
  "autoCompleteData" : [ ]
}