{
  "name" : "Funny",
  "type" : "NLPIntent",
  "trackingId" : "540990F3-EDC4-492E-9911-6590C1FCD523",
  "enabled" : true,
  "intentParameters" : [ {
    "name" : "SmallTalkEntity",
    "required" : true,
    "entity" : "SmallTalkEntity",
    "trackingId" : "80D7DA32-A7A2-4101-82D7-D0F9E34C0521"
  } ],
  "exampleData" : [ {
    "sentence" : "you are comic",
    "trackingId" : "F0680A25-573B-4420-A66E-2E0059FA60E8",
    "translated" : null,
    "detectedLanguage" : null,
    "translatedLanguage" : null,
    "translatedBy" : null,
    "exampleEntities" : [ ]
  }, {
    "sentence" : "you make me laugh",
    "trackingId" : "312CCC68-3B95-4EB1-9C27-CA76430D729D",
    "translated" : null,
    "detectedLanguage" : null,
    "translatedLanguage" : null,
    "translatedBy" : null,
    "exampleEntities" : [ ]
  }, {
    "sentence" : "funny bot you are",
    "trackingId" : "2C9F8F64-CEEC-4B7D-BEF3-F4DE0C104308",
    "translated" : null,
    "detectedLanguage" : null,
    "translatedLanguage" : null,
    "translatedBy" : null,
    "exampleEntities" : [ ]
  }, {
    "sentence" : "you are fun",
    "trackingId" : "E5A9C688-7E62-42F2-A674-363574F4F912",
    "translated" : null,
    "detectedLanguage" : null,
    "translatedLanguage" : null,
    "translatedBy" : null,
    "exampleEntities" : [ ]
  }, {
    "sentence" : "you are the funniest bot ever",
    "trackingId" : "553AEA76-875E-43DF-BB11-F58BDA80D103",
    "translated" : null,
    "detectedLanguage" : null,
    "translatedLanguage" : null,
    "translatedBy" : null,
    "exampleEntities" : [ ]
  }, {
    "sentence" : "you are funny",
    "trackingId" : "CA82B1D3-4B8B-4B2A-BC57-7F4837A6D79E",
    "translated" : null,
    "detectedLanguage" : null,
    "translatedLanguage" : null,
    "translatedBy" : null,
    "exampleEntities" : [ ]
  }, {
    "sentence" : "you are so funny",
    "trackingId" : "678E5B3E-FE1D-4694-B2A9-EF055318F249",
    "translated" : null,
    "detectedLanguage" : null,
    "translatedLanguage" : null,
    "translatedBy" : null,
    "exampleEntities" : [ ]
  }, {
    "sentence" : "you are amusing",
    "trackingId" : "A27539BA-058B-4B12-915F-6C3CF1B4A1A9",
    "translated" : null,
    "detectedLanguage" : null,
    "translatedLanguage" : null,
    "translatedBy" : null,
    "exampleEntities" : [ ]
  } ],
  "autoCompleteData" : [ ]
}