{
  "name" : "GreetingQuestionsAnswersNeutral",
  "trackingId" : "4EC8BC12-289B-4A23-808E-1BCCD044311D",
  "enabled" : true,
  "intentParameters" : [ {
    "name" : "SmallTalkEntity",
    "required" : true,
    "entity" : "SmallTalkEntity",
    "trackingId" : "EB37E411-A859-438D-9676-04954E834C71"
  } ],
  "exampleData" : [ {
    "sentence" : "seen better days",
    "trackingId" : "E87B1991-0F18-44A1-98E0-4032CE9C0614",
    "translated" : null,
    "detectedLanguage" : null,
    "translatedLanguage" : null,
    "translatedBy" : null,
    "exampleEntities" : [ ]
  }, {
    "sentence" : "could be better",
    "trackingId" : "B955E31F-DA05-4772-AFDD-04997AA2C7F6",
    "translated" : null,
    "detectedLanguage" : null,
    "translatedLanguage" : null,
    "translatedBy" : null,
    "exampleEntities" : [ ]
  }, {
    "sentence" : "so so, could be better",
    "trackingId" : "17374CFF-D67B-41D7-A8A1-90C5363D44FF",
    "translated" : null,
    "detectedLanguage" : null,
    "translatedLanguage" : null,
    "translatedBy" : null,
    "exampleEntities" : [ ]
  }, {
    "sentence" : "dont know",
    "trackingId" : "C9F9E254-FE37-4395-8423-FD83DE97724E",
    "translated" : null,
    "detectedLanguage" : null,
    "translatedLanguage" : null,
    "translatedBy" : null,
    "exampleEntities" : [ ]
  }, {
    "sentence" : "well is ok, seen better",
    "trackingId" : "AE851DF8-6F85-4804-845A-67736F6528E7",
    "translated" : null,
    "detectedLanguage" : null,
    "translatedLanguage" : null,
    "translatedBy" : null,
    "exampleEntities" : [ ]
  } ],
  "autoCompleteData" : [ ]
}