{
  "name" : "GreetingQuestionsAnswersPositive",
  "trackingId" : "2A2CDDF4-9C23-48EE-BCF1-8E769EE0B6AA",
  "enabled" : true,
  "intentParameters" : [ {
    "name" : "SmallTalkEntity",
    "required" : true,
    "entity" : "SmallTalkEntity",
    "trackingId" : "0DFDB65C-A1D1-4456-ACFB-58E95E068449"
  } ],
  "exampleData" : [ {
    "sentence" : "great man",
    "trackingId" : "8D5BA7A6-70C7-4E80-8703-C8CE102463CF",
    "translated" : null,
    "detectedLanguage" : null,
    "translatedLanguage" : null,
    "translatedBy" : null,
    "exampleEntities" : [ ]
  }, {
    "sentence" : "never better",
    "trackingId" : "7BB769EA-C2D5-42DC-96DD-86B53C20FC92",
    "translated" : null,
    "detectedLanguage" : null,
    "translatedLanguage" : null,
    "translatedBy" : null,
    "exampleEntities" : [ ]
  }, {
    "sentence" : "I am fine",
    "trackingId" : "3A4E64F7-7395-4C04-9454-4131EAF2F4CE",
    "translated" : null,
    "detectedLanguage" : null,
    "translatedLanguage" : null,
    "translatedBy" : null,
    "exampleEntities" : [ ]
  }, {
    "sentence" : "also feel good",
    "trackingId" : "9EBA5E48-6847-40C1-A138-52C524189AA3",
    "translated" : null,
    "detectedLanguage" : null,
    "translatedLanguage" : null,
    "translatedBy" : null,
    "exampleEntities" : [ ]
  }, {
    "sentence" : "great",
    "trackingId" : "84499DE4-8A88-414B-A522-C0146E98C529",
    "translated" : null,
    "detectedLanguage" : null,
    "translatedLanguage" : null,
    "translatedBy" : null,
    "exampleEntities" : [ ]
  }, {
    "sentence" : "I am fine thanks",
    "trackingId" : "046C8D29-2F93-462F-8EC0-7F2F8656076C",
    "translated" : null,
    "detectedLanguage" : null,
    "translatedLanguage" : null,
    "translatedBy" : null,
    "exampleEntities" : [ ]
  }, {
    "sentence" : "I am really fine",
    "trackingId" : "6E210C5B-C4BD-4FFE-8AC1-A71B320A0EA4",
    "translated" : null,
    "detectedLanguage" : null,
    "translatedLanguage" : null,
    "translatedBy" : null,
    "exampleEntities" : [ ]
  }, {
    "sentence" : "good to hear",
    "trackingId" : "6406C7C8-291A-4F35-ABEE-493B56675CC6",
    "translated" : null,
    "detectedLanguage" : null,
    "translatedLanguage" : null,
    "translatedBy" : null,
    "exampleEntities" : [ ]
  }, {
    "sentence" : "feel great",
    "trackingId" : "ED02673E-A237-46A1-800A-3AD33E959BA6",
    "translated" : null,
    "detectedLanguage" : null,
    "translatedLanguage" : null,
    "translatedBy" : null,
    "exampleEntities" : [ ]
  }, {
    "sentence" : "doing great",
    "trackingId" : "05A43EC8-E1A3-4639-9F9E-50E763E02AE3",
    "translated" : null,
    "detectedLanguage" : null,
    "translatedLanguage" : null,
    "translatedBy" : null,
    "exampleEntities" : [ ]
  }, {
    "sentence" : "well and you",
    "trackingId" : "C09E4B38-19A2-4925-B0DD-2188BA8A0529",
    "translated" : null,
    "detectedLanguage" : null,
    "translatedLanguage" : null,
    "translatedBy" : null,
    "exampleEntities" : [ ]
  }, {
    "sentence" : "I am good",
    "trackingId" : "29090D1F-4584-41B0-948F-1FC61EFD6BC5",
    "translated" : null,
    "detectedLanguage" : null,
    "translatedLanguage" : null,
    "translatedBy" : null,
    "exampleEntities" : [ ]
  }, {
    "sentence" : "good and you",
    "trackingId" : "3C146247-7B9A-4E3C-9830-E54496CC6372",
    "translated" : null,
    "detectedLanguage" : null,
    "translatedLanguage" : null,
    "translatedBy" : null,
    "exampleEntities" : [ ]
  } ],
  "autoCompleteData" : [ ]
}