{
  "name" : "GreetingQuestions",
  "trackingId" : "5FB4085D-DB40-4F0A-A638-5796807A0895",
  "enabled" : true,
  "intentParameters" : [ {
    "name" : "SmallTalkEntity",
    "required" : true,
    "entity" : "SmallTalkEntity",
    "trackingId" : "85F9AC43-24EC-43EB-A20E-485B8973811E"
  } ],
  "exampleData" : [ {
    "sentence" : "how is your day",
    "trackingId" : "ACBDA690-84E2-40EE-88DA-FE5CAA5445D7",
    "translated" : null,
    "detectedLanguage" : null,
    "translatedLanguage" : null,
    "translatedBy" : null,
    "exampleEntities" : [ ]
  }, {
    "sentence" : "how are things",
    "trackingId" : "1D6A1072-E4A5-4325-97A9-057272E2B907",
    "translated" : null,
    "detectedLanguage" : null,
    "translatedLanguage" : null,
    "translatedBy" : null,
    "exampleEntities" : [ ]
  }, {
    "sentence" : "ru good",
    "trackingId" : "E40EB728-3A24-450C-9246-C500F75A19A2",
    "translated" : null,
    "detectedLanguage" : null,
    "translatedLanguage" : null,
    "translatedBy" : null,
    "exampleEntities" : [ ]
  }, {
    "sentence" : "are you well",
    "trackingId" : "D83761D3-F940-424E-8412-39E95D631D14",
    "translated" : null,
    "detectedLanguage" : null,
    "translatedLanguage" : null,
    "translatedBy" : null,
    "exampleEntities" : [ ]
  }, {
    "sentence" : "are you alright",
    "trackingId" : "B13AEF76-9C9B-475D-B3DA-B3AA11EA088C",
    "translated" : null,
    "detectedLanguage" : null,
    "translatedLanguage" : null,
    "translatedBy" : null,
    "exampleEntities" : [ ]
  }, {
    "sentence" : "how are you",
    "trackingId" : "2367FCD3-E377-4E75-8491-375F196B3355",
    "translated" : null,
    "detectedLanguage" : null,
    "translatedLanguage" : null,
    "translatedBy" : null,
    "exampleEntities" : [ ]
  }, {
    "sentence" : "sup",
    "trackingId" : "DBCF081E-0426-41DF-8926-0495DA9D3A17",
    "translated" : null,
    "detectedLanguage" : null,
    "translatedLanguage" : null,
    "translatedBy" : null,
    "exampleEntities" : [ ]
  }, {
    "sentence" : "how is it going",
    "trackingId" : "DAC56756-6598-4516-BC9E-ADB54B912713",
    "translated" : null,
    "detectedLanguage" : null,
    "translatedLanguage" : null,
    "translatedBy" : null,
    "exampleEntities" : [ ]
  }, {
    "sentence" : "hozit",
    "trackingId" : "030AF0AA-59DE-4E15-BCAF-3A433798009D",
    "translated" : null,
    "detectedLanguage" : null,
    "translatedLanguage" : null,
    "translatedBy" : null,
    "exampleEntities" : [ ]
  }, {
    "sentence" : "r u good",
    "trackingId" : "756FED17-532A-41CF-BA77-882EACF4D756",
    "translated" : null,
    "detectedLanguage" : null,
    "translatedLanguage" : null,
    "translatedBy" : null,
    "exampleEntities" : [ ]
  }, {
    "sentence" : "how you doing",
    "trackingId" : "FF33F589-399C-4BC3-9705-E31AF3EF7D2F",
    "translated" : null,
    "detectedLanguage" : null,
    "translatedLanguage" : null,
    "translatedBy" : null,
    "exampleEntities" : [ ]
  }, {
    "sentence" : "what is new",
    "trackingId" : "66F787D5-6F7E-400A-A902-94CF6B582F2E",
    "translated" : null,
    "detectedLanguage" : null,
    "translatedLanguage" : null,
    "translatedBy" : null,
    "exampleEntities" : [ ]
  }, {
    "sentence" : "how r you",
    "trackingId" : "66F069AC-50CA-4142-B568-D337B4D2D6D6",
    "translated" : null,
    "detectedLanguage" : null,
    "translatedLanguage" : null,
    "translatedBy" : null,
    "exampleEntities" : [ ]
  }, {
    "sentence" : "are you good",
    "trackingId" : "A5C2CD5B-36D4-49DF-BA21-18D85E37E365",
    "translated" : null,
    "detectedLanguage" : null,
    "translatedLanguage" : null,
    "translatedBy" : null,
    "exampleEntities" : [ ]
  }, {
    "sentence" : "what s going on",
    "trackingId" : "60093D72-7F90-4E5B-8922-44E08D8D7229",
    "translated" : null,
    "detectedLanguage" : null,
    "translatedLanguage" : null,
    "translatedBy" : null,
    "exampleEntities" : [ ]
  }, {
    "sentence" : "how are u",
    "trackingId" : "48F205EB-43E1-4BC8-B092-F61146E287F5",
    "translated" : null,
    "detectedLanguage" : null,
    "translatedLanguage" : null,
    "translatedBy" : null,
    "exampleEntities" : [ ]
  }, {
    "sentence" : "howzit",
    "trackingId" : "73257957-64CE-457B-B95E-11E49DBAD056",
    "translated" : null,
    "detectedLanguage" : null,
    "translatedLanguage" : null,
    "translatedBy" : null,
    "exampleEntities" : [ ]
  }, {
    "sentence" : "how s it going",
    "trackingId" : "5D6D7BCA-2AED-4E82-A78F-D2FA1745B70C",
    "translated" : null,
    "detectedLanguage" : null,
    "translatedLanguage" : null,
    "translatedBy" : null,
    "exampleEntities" : [ ]
  }, {
    "sentence" : "how are you going",
    "trackingId" : "C22E3CAD-7D28-4651-B709-92C67A18EC7A",
    "translated" : null,
    "detectedLanguage" : null,
    "translatedLanguage" : null,
    "translatedBy" : null,
    "exampleEntities" : [ ]
  }, {
    "sentence" : "how is everything",
    "trackingId" : "7034BE7A-E250-48D1-B214-E4FD528FB476",
    "translated" : null,
    "detectedLanguage" : null,
    "translatedLanguage" : null,
    "translatedBy" : null,
    "exampleEntities" : [ ]
  }, {
    "sentence" : "are u good",
    "trackingId" : "83AB50DC-34DC-4EEC-803D-75A6E6C20DB1",
    "translated" : null,
    "detectedLanguage" : null,
    "translatedLanguage" : null,
    "translatedBy" : null,
    "exampleEntities" : [ ]
  }, {
    "sentence" : "are you ok",
    "trackingId" : "1577540B-9708-4EF8-A858-FFAB96B01EA5",
    "translated" : null,
    "detectedLanguage" : null,
    "translatedLanguage" : null,
    "translatedBy" : null,
    "exampleEntities" : [ ]
  }, {
    "sentence" : "how have you been",
    "trackingId" : "1456A250-7EF9-437F-B8C9-FCDB9DEE0D3B",
    "translated" : null,
    "detectedLanguage" : null,
    "translatedLanguage" : null,
    "translatedBy" : null,
    "exampleEntities" : [ ]
  }, {
    "sentence" : "what up",
    "trackingId" : "789E5AB3-7DB8-4C3F-BBC8-6185EED5B2B2",
    "translated" : null,
    "detectedLanguage" : null,
    "translatedLanguage" : null,
    "translatedBy" : null,
    "exampleEntities" : [ ]
  }, {
    "sentence" : "are u well",
    "trackingId" : "7551CA46-6B66-4C65-861F-2A31DE1FD9D4",
    "translated" : null,
    "detectedLanguage" : null,
    "translatedLanguage" : null,
    "translatedBy" : null,
    "exampleEntities" : [ ]
  }, {
    "sentence" : "how is life",
    "trackingId" : "03948FB9-AE8C-4F7A-AF5B-2903A551CA4A",
    "translated" : null,
    "detectedLanguage" : null,
    "translatedLanguage" : null,
    "translatedBy" : null,
    "exampleEntities" : [ ]
  }, {
    "sentence" : "how are you today",
    "trackingId" : "72AA325D-848A-49A4-B01F-50ECFC88AD6C",
    "translated" : null,
    "detectedLanguage" : null,
    "translatedLanguage" : null,
    "translatedBy" : null,
    "exampleEntities" : [ ]
  }, {
    "sentence" : "what is happening",
    "trackingId" : "79D95A59-552C-4B9F-ADEF-D268E1268F48",
    "translated" : null,
    "detectedLanguage" : null,
    "translatedLanguage" : null,
    "translatedBy" : null,
    "exampleEntities" : [ ]
  }, {
    "sentence" : "how ru",
    "trackingId" : "1EB5AB77-236F-4F99-86DC-56A0FC2C9C57",
    "translated" : null,
    "detectedLanguage" : null,
    "translatedLanguage" : null,
    "translatedBy" : null,
    "exampleEntities" : [ ]
  }, {
    "sentence" : "whassup",
    "trackingId" : "15481912-473E-49C5-ABF1-0F3F7AA3F770",
    "translated" : null,
    "detectedLanguage" : null,
    "translatedLanguage" : null,
    "translatedBy" : null,
    "exampleEntities" : [ ]
  }, {
    "sentence" : "how u doing",
    "trackingId" : "8330C8B9-5FAF-4C1D-A550-54449D2E6A50",
    "translated" : null,
    "detectedLanguage" : null,
    "translatedLanguage" : null,
    "translatedBy" : null,
    "exampleEntities" : [ ]
  }, {
    "sentence" : "ru well",
    "trackingId" : "2AD12FB2-26D2-40FD-8339-E0B0AA76A30F",
    "translated" : null,
    "detectedLanguage" : null,
    "translatedLanguage" : null,
    "translatedBy" : null,
    "exampleEntities" : [ ]
  }, {
    "sentence" : "how do you do",
    "trackingId" : "0E63CDAF-886B-4A32-A175-CE35F2B120C7",
    "translated" : null,
    "detectedLanguage" : null,
    "translatedLanguage" : null,
    "translatedBy" : null,
    "exampleEntities" : [ ]
  }, {
    "sentence" : "how r u",
    "trackingId" : "B82B5C46-9C73-4EAB-8BE4-27768FE0A949",
    "translated" : null,
    "detectedLanguage" : null,
    "translatedLanguage" : null,
    "translatedBy" : null,
    "exampleEntities" : [ ]
  }, {
    "sentence" : "r u well",
    "trackingId" : "24923141-667B-4388-B87A-6E1CEE14DC23",
    "translated" : null,
    "detectedLanguage" : null,
    "translatedLanguage" : null,
    "translatedBy" : null,
    "exampleEntities" : [ ]
  }, {
    "sentence" : "wazzup",
    "trackingId" : "F7A68ECF-7639-4BE8-AC4F-12706B23D921",
    "translated" : null,
    "detectedLanguage" : null,
    "translatedLanguage" : null,
    "translatedBy" : null,
    "exampleEntities" : [ ]
  }, {
    "sentence" : "wassup",
    "trackingId" : "634EFFC8-A238-4DC5-9754-E036102C56D8",
    "translated" : null,
    "detectedLanguage" : null,
    "translatedLanguage" : null,
    "translatedBy" : null,
    "exampleEntities" : [ ]
  }, {
    "sentence" : "how is your day going",
    "trackingId" : "A4C3ED2D-7CCB-4BFB-B913-E67B3EE47CD8",
    "translated" : null,
    "detectedLanguage" : null,
    "translatedLanguage" : null,
    "translatedBy" : null,
    "exampleEntities" : [ ]
  } ],
  "autoCompleteData" : [ ]
}