{
  "name" : "Introduce",
  "type" : "NLPIntent",
  "trackingId" : "14795176-D156-4F42-8D39-4D0BBC34A647",
  "enabled" : true,
  "intentParameters" : [ {
    "name" : "SmallTalkEntity",
    "required" : true,
    "entity" : "SmallTalkEntity",
    "trackingId" : "22462EFC-0925-4B4F-8C19-9D8F3DD813BC"
  } ],
  "exampleData" : [ {
    "sentence" : "can you introduce",
    "trackingId" : "D0B9F655-3168-4797-B5BD-568C78EB35D3",
    "translated" : null,
    "detectedLanguage" : null,
    "translatedLanguage" : null,
    "translatedBy" : null,
    "exampleEntities" : [ ]
  }, {
    "sentence" : "introduce you",
    "trackingId" : "88C197E9-9D16-424D-B890-3A4F83629DEB",
    "translated" : null,
    "detectedLanguage" : null,
    "translatedLanguage" : null,
    "translatedBy" : null,
    "exampleEntities" : [ ]
  }, {
    "sentence" : "intro",
    "trackingId" : "70189DEB-04AE-434A-960A-69837DE1D2E3",
    "translated" : null,
    "detectedLanguage" : null,
    "translatedLanguage" : null,
    "translatedBy" : null,
    "exampleEntities" : [ ]
  }, {
    "sentence" : "tell me about yourself",
    "trackingId" : "F55B3B51-8DBB-44B5-A2BC-259E8C63C3F1",
    "translated" : null,
    "detectedLanguage" : null,
    "translatedLanguage" : null,
    "translatedBy" : null,
    "exampleEntities" : [ ]
  }, {
    "sentence" : "intro please",
    "trackingId" : "0F863294-A0CF-4422-B0D3-6BDA8A6269AE",
    "translated" : null,
    "detectedLanguage" : null,
    "translatedLanguage" : null,
    "translatedBy" : null,
    "exampleEntities" : [ ]
  }, {
    "sentence" : "give me your intro",
    "trackingId" : "72C9C9CD-9272-4522-BE6A-1D57AD0B474C",
    "translated" : null,
    "detectedLanguage" : null,
    "translatedLanguage" : null,
    "translatedBy" : null,
    "exampleEntities" : [ ]
  }, {
    "sentence" : "introduce yourself",
    "trackingId" : "8B8408E5-9761-4E04-A0A6-09F223EE22A2",
    "translated" : null,
    "detectedLanguage" : null,
    "translatedLanguage" : null,
    "translatedBy" : null,
    "exampleEntities" : [ ]
  } ],
  "autoCompleteData" : [ ]
}