{
  "name" : "LETSDO",
  "type" : "NLPIntent",
  "trackingId" : "F04F2BFE-6931-4F5F-9D54-646650582F58",
  "enabled" : true,
  "intentParameters" : [ ],
  "exampleData" : [ {
    "sentence" : "just do it",
    "trackingId" : "1FFB5018-4066-40C3-A7E1-9B674BC53594",
    "translated" : null,
    "detectedLanguage" : null,
    "translatedLanguage" : null,
    "translatedBy" : null,
    "exampleEntities" : [ ]
  }, {
    "sentence" : "I want to do this",
    "trackingId" : "3BF596AB-01DB-40D4-BA30-9830DC7379F1",
    "translated" : null,
    "detectedLanguage" : null,
    "translatedLanguage" : null,
    "translatedBy" : null,
    "exampleEntities" : [ ]
  }, {
    "sentence" : "let's do it",
    "trackingId" : "9C53CAE2-9D12-44D7-B982-A16877E673A0",
    "translated" : null,
    "detectedLanguage" : null,
    "translatedLanguage" : null,
    "translatedBy" : null,
    "exampleEntities" : [ ]
  }, {
    "sentence" : "do it",
    "trackingId" : "E3CF8CFA-2D4A-4099-A5E1-3D4F3C7CD6D8",
    "translated" : null,
    "detectedLanguage" : null,
    "translatedLanguage" : null,
    "translatedBy" : null,
    "exampleEntities" : [ ]
  }, {
    "sentence" : "let's do this",
    "trackingId" : "E20BC072-D0FC-40B9-AC7F-807E782E8A22",
    "translated" : null,
    "detectedLanguage" : null,
    "translatedLanguage" : null,
    "translatedBy" : null,
    "exampleEntities" : [ ]
  }, {
    "sentence" : "I want to do it",
    "trackingId" : "6A89FD90-3793-4609-97D6-10CC87301B66",
    "translated" : null,
    "detectedLanguage" : null,
    "translatedLanguage" : null,
    "translatedBy" : null,
    "exampleEntities" : [ ]
  } ],
  "autoCompleteData" : [ ]
}