{
  "name" : "Marry",
  "type" : "NLPIntent",
  "trackingId" : "8C022183-A4BF-4D6E-A7E0-688AB969C1A1",
  "enabled" : true,
  "intentParameters" : [ {
    "name" : "SmallTalkEntity",
    "required" : true,
    "entity" : "SmallTalkEntity",
    "trackingId" : "21357356-9397-4E41-9FD0-6AA5D968F20F"
  } ],
  "exampleData" : [ {
    "sentence" : "can I marry you",
    "trackingId" : "CB09FEA6-AA39-4714-AD2C-06D9D4F412BC",
    "translated" : null,
    "detectedLanguage" : null,
    "translatedLanguage" : null,
    "translatedBy" : null,
    "exampleEntities" : [ ]
  }, {
    "sentence" : "marry me",
    "trackingId" : "7CC4A575-8124-45A8-9C52-008974801F07",
    "translated" : null,
    "detectedLanguage" : null,
    "translatedLanguage" : null,
    "translatedBy" : null,
    "exampleEntities" : [ ]
  }, {
    "sentence" : "will you marry me",
    "trackingId" : "1F29ECC8-AB44-4EF4-BFFD-63046F9B6B6B",
    "translated" : null,
    "detectedLanguage" : null,
    "translatedLanguage" : null,
    "translatedBy" : null,
    "exampleEntities" : [ ]
  }, {
    "sentence" : "I want to get married",
    "trackingId" : "65EEDF66-0E01-4B9B-9208-49869C379D22",
    "translated" : null,
    "detectedLanguage" : null,
    "translatedLanguage" : null,
    "translatedBy" : null,
    "exampleEntities" : [ ]
  }, {
    "sentence" : "are you married",
    "trackingId" : "834CA3F7-1351-4444-858F-2E6315BC1DC1",
    "translated" : null,
    "detectedLanguage" : null,
    "translatedLanguage" : null,
    "translatedBy" : null,
    "exampleEntities" : [ ]
  }, {
    "sentence" : "let's get married",
    "trackingId" : "15FE2E4B-C117-45B7-B5C4-5F657F486668",
    "translated" : null,
    "detectedLanguage" : null,
    "translatedLanguage" : null,
    "translatedBy" : null,
    "exampleEntities" : [ ]
  }, {
    "sentence" : "lets get married",
    "trackingId" : "C698D33E-AE51-4D9F-8E71-DDACF75891BC",
    "translated" : null,
    "detectedLanguage" : null,
    "translatedLanguage" : null,
    "translatedBy" : null,
    "exampleEntities" : [ ]
  }, {
    "sentence" : "we should marry",
    "trackingId" : "DBCAD8CA-E483-4BCE-8105-D1AD1A394080",
    "translated" : null,
    "detectedLanguage" : null,
    "translatedLanguage" : null,
    "translatedBy" : null,
    "exampleEntities" : [ ]
  }, {
    "sentence" : "I want to marry you",
    "trackingId" : "FE58B588-E39E-4351-AAB9-D9C58EDF2085",
    "translated" : null,
    "detectedLanguage" : null,
    "translatedLanguage" : null,
    "translatedBy" : null,
    "exampleEntities" : [ ]
  }, {
    "sentence" : "we should get married",
    "trackingId" : "175AE858-D40D-465A-8867-4BA71CBBBE69",
    "translated" : null,
    "detectedLanguage" : null,
    "translatedLanguage" : null,
    "translatedBy" : null,
    "exampleEntities" : [ ]
  } ],
  "autoCompleteData" : [ ]
}