{
  "name" : "RequestingRedirection",
  "trackingId" : "0D887EEE-389B-43B6-8A08-CDB524C10FAC",
  "enabled" : true,
  "intentParameters" : [ {
    "name" : "SmallTalkEntity",
    "required" : true,
    "entity" : "SmallTalkEntity",
    "trackingId" : "EC1B3005-D1A9-430E-AA5A-927DAAD700A6"
  } ],
  "exampleData" : [ {
    "sentence" : "can I talk to someone else",
    "trackingId" : "180A185C-C3E4-4883-8CE9-00345EC2E827",
    "translated" : null,
    "detectedLanguage" : null,
    "translatedLanguage" : null,
    "translatedBy" : null,
    "exampleEntities" : [ ]
  }, {
    "sentence" : "I want to talk to a human",
    "trackingId" : "45BAD0B6-05EC-4CBE-915B-BCFEB37828EA",
    "translated" : null,
    "detectedLanguage" : null,
    "translatedLanguage" : null,
    "translatedBy" : null,
    "exampleEntities" : [ ]
  }, {
    "sentence" : "representative please",
    "trackingId" : "B45D5D9D-9278-448D-BE50-CD7C6A102445",
    "translated" : null,
    "detectedLanguage" : null,
    "translatedLanguage" : null,
    "translatedBy" : null,
    "exampleEntities" : [ ]
  }, {
    "sentence" : "is there someone else I can talk to",
    "trackingId" : "D824DFB6-2F8B-4A0E-B993-12BDC61C5F1D",
    "translated" : null,
    "detectedLanguage" : null,
    "translatedLanguage" : null,
    "translatedBy" : null,
    "exampleEntities" : [ ]
  }, {
    "sentence" : "is there an email address",
    "trackingId" : "903A31F4-F9DF-4700-AE81-CB140B2D037B",
    "translated" : null,
    "detectedLanguage" : null,
    "translatedLanguage" : null,
    "translatedBy" : null,
    "exampleEntities" : [ ]
  }, {
    "sentence" : "is there a website I can use instead",
    "trackingId" : "A394A8B0-F0BA-4063-84C2-82F5B39D727F",
    "translated" : null,
    "detectedLanguage" : null,
    "translatedLanguage" : null,
    "translatedBy" : null,
    "exampleEntities" : [ ]
  }, {
    "sentence" : "can I talk to your manager",
    "trackingId" : "7EEFDD28-FBD7-48D2-AB44-D00B16036C28",
    "translated" : null,
    "detectedLanguage" : null,
    "translatedLanguage" : null,
    "translatedBy" : null,
    "exampleEntities" : [ ]
  }, {
    "sentence" : "can I talk to someone in charge",
    "trackingId" : "EE9397C7-528E-4EC7-89BB-B009BE2F30A2",
    "translated" : null,
    "detectedLanguage" : null,
    "translatedLanguage" : null,
    "translatedBy" : null,
    "exampleEntities" : [ ]
  }, {
    "sentence" : "is there a phone number I can call",
    "trackingId" : "8FC30DE0-68DA-481C-A974-7DEA0CA59409",
    "translated" : null,
    "detectedLanguage" : null,
    "translatedLanguage" : null,
    "translatedBy" : null,
    "exampleEntities" : [ ]
  }, {
    "sentence" : "transfer me to someone else",
    "trackingId" : "0CE8FEF8-81EA-4BAE-AC52-8E44861DAFE7",
    "translated" : null,
    "detectedLanguage" : null,
    "translatedLanguage" : null,
    "translatedBy" : null,
    "exampleEntities" : [ ]
  }, {
    "sentence" : "connect me to your manager",
    "trackingId" : "9EC172A2-8628-41BF-A804-82CE775CF65F",
    "translated" : null,
    "detectedLanguage" : null,
    "translatedLanguage" : null,
    "translatedBy" : null,
    "exampleEntities" : [ ]
  }, {
    "sentence" : "can I talk to a person",
    "trackingId" : "DAD211A1-AF57-488B-8CE3-E130DCD62014",
    "translated" : null,
    "detectedLanguage" : null,
    "translatedLanguage" : null,
    "translatedBy" : null,
    "exampleEntities" : [ ]
  }, {
    "sentence" : "can I be transferred to someone else",
    "trackingId" : "34DC2959-73D6-4E26-9AF8-E1514F3594AF",
    "translated" : null,
    "detectedLanguage" : null,
    "translatedLanguage" : null,
    "translatedBy" : null,
    "exampleEntities" : [ ]
  }, {
    "sentence" : "can I talk to a human",
    "trackingId" : "6A306E03-B6E8-442E-BC63-A9AA105F433D",
    "translated" : null,
    "detectedLanguage" : null,
    "translatedLanguage" : null,
    "translatedBy" : null,
    "exampleEntities" : [ ]
  }, {
    "sentence" : "can I talk to an operator",
    "trackingId" : "91EAED67-EACD-4F4F-AC24-76F2787F8840",
    "translated" : null,
    "detectedLanguage" : null,
    "translatedLanguage" : null,
    "translatedBy" : null,
    "exampleEntities" : [ ]
  } ],
  "autoCompleteData" : [ ]
}