{
  "name" : "Reset",
  "type" : "NLPIntent",
  "trackingId" : "D575172D-469E-4E40-A88C-408BE1730BC7",
  "enabled" : true,
  "intentParameters" : [ ],
  "exampleData" : [ {
    "sentence" : "exit",
    "trackingId" : "741DAAA8-F9D0-49C7-86B4-C548984FFBDA",
    "translated" : null,
    "detectedLanguage" : null,
    "translatedLanguage" : null,
    "translatedBy" : null,
    "exampleEntities" : [ ]
  }, {
    "sentence" : "clear that",
    "trackingId" : "B31019FE-561A-433C-92E9-6ED55A07FE04",
    "translated" : null,
    "detectedLanguage" : null,
    "translatedLanguage" : null,
    "translatedBy" : null,
    "exampleEntities" : [ ]
  }, {
    "sentence" : "clean",
    "trackingId" : "382D03EC-2A45-4A75-A149-767D7D8ED875",
    "translated" : null,
    "detectedLanguage" : null,
    "translatedLanguage" : null,
    "translatedBy" : null,
    "exampleEntities" : [ ]
  }, {
    "sentence" : "forget that",
    "trackingId" : "9F940A20-6746-4B7B-847C-C65182A89BE3",
    "translated" : null,
    "detectedLanguage" : null,
    "translatedLanguage" : null,
    "translatedBy" : null,
    "exampleEntities" : [ ]
  }, {
    "sentence" : "clear",
    "trackingId" : "66A12FCF-933D-41B3-B2EC-F0973DB32E5D",
    "translated" : null,
    "detectedLanguage" : null,
    "translatedLanguage" : null,
    "translatedBy" : null,
    "exampleEntities" : [ ]
  }, {
    "sentence" : "reset",
    "trackingId" : "D999CBF5-B5DE-4A5E-9501-21FB5354C1DF",
    "translated" : null,
    "detectedLanguage" : null,
    "translatedLanguage" : null,
    "translatedBy" : null,
    "exampleEntities" : [ ]
  } ],
  "autoCompleteData" : [ ]
}