{
  "name" : "unresolvedIntentInternal",
  "description" : "An intent that matches user input that doesn't match well with the exit and help intents",
  "type" : "NLPIntent",
  "trackingId" : "1D7249E4-3885-41B5-B44B-1DE38895BB80",
  "enabled" : true,
  "intentParameters" : [ {
    "name" : "SmallTalkEntity",
    "required" : true,
    "entity" : "SmallTalkEntity",
    "trackingId" : "054C0D90-CC84-483D-B8AE-75E8FE7D26BD"
  } ],
  "exampleData" : [ {
    "sentence" : " llmm",
    "trackingId" : "39CE93F6-E76E-4DF8-9DBF-59B356513BAA",
    "translated" : null,
    "detectedLanguage" : null,
    "translatedLanguage" : null,
    "translatedBy" : null,
    "exampleEntities" : [ ]
  }, {
    "sentence" : "yes",
    "trackingId" : "5FBCECE4-05C5-4831-8DE4-566EFF6B3A3E",
    "translated" : null,
    "detectedLanguage" : null,
    "translatedLanguage" : null,
    "translatedBy" : null,
    "exampleEntities" : [ ]
  }, {
    "sentence" : " lsww",
    "trackingId" : "5C683B7F-67AD-4F6C-875B-0FE620099BB6",
    "translated" : null,
    "detectedLanguage" : null,
    "translatedLanguage" : null,
    "translatedBy" : null,
    "exampleEntities" : [ ]
  }, {
    "sentence" : " vvaaa",
    "trackingId" : "8C60D2A1-99C7-4F6A-BBD2-957FE98D0BAA",
    "translated" : null,
    "detectedLanguage" : null,
    "translatedLanguage" : null,
    "translatedBy" : null,
    "exampleEntities" : [ ]
  }, {
    "sentence" : " aannv",
    "trackingId" : "0028933D-1210-4268-9996-07105CB9729A",
    "translated" : null,
    "detectedLanguage" : null,
    "translatedLanguage" : null,
    "translatedBy" : null,
    "exampleEntities" : [ ]
  }, {
    "sentence" : " mkjs",
    "trackingId" : "C825B5E4-E2C3-4A57-8FC1-E83D108A6304",
    "translated" : null,
    "detectedLanguage" : null,
    "translatedLanguage" : null,
    "translatedBy" : null,
    "exampleEntities" : [ ]
  }, {
    "sentence" : "no",
    "trackingId" : "A861B13B-CB27-4ABA-8949-4487850A498C",
    "translated" : null,
    "detectedLanguage" : null,
    "translatedLanguage" : null,
    "translatedBy" : null,
    "exampleEntities" : [ ]
  }, {
    "sentence" : " swqes",
    "trackingId" : "321F6B97-E229-4AC8-8FAA-B891917C2029",
    "translated" : null,
    "detectedLanguage" : null,
    "translatedLanguage" : null,
    "translatedBy" : null,
    "exampleEntities" : [ ]
  }, {
    "sentence" : " kluvzx",
    "trackingId" : "8B12DFDE-FB55-427A-A99D-587AE4823BD5",
    "translated" : null,
    "detectedLanguage" : null,
    "translatedLanguage" : null,
    "translatedBy" : null,
    "exampleEntities" : [ ]
  }, {
    "sentence" : " povvxz",
    "trackingId" : "13A9EDDD-04BF-4878-9E3A-459D7489839B",
    "translated" : null,
    "detectedLanguage" : null,
    "translatedLanguage" : null,
    "translatedBy" : null,
    "exampleEntities" : [ ]
  }, {
    "sentence" : "sdbs",
    "trackingId" : "14C1845E-876A-45A7-8F5F-CFA7DF3DCD82",
    "translated" : null,
    "detectedLanguage" : null,
    "translatedLanguage" : null,
    "translatedBy" : null,
    "exampleEntities" : [ ]
  }, {
    "sentence" : " hkmv",
    "trackingId" : "AA01F36D-502D-4340-9774-D837825E9A08",
    "translated" : null,
    "detectedLanguage" : null,
    "translatedLanguage" : null,
    "translatedBy" : null,
    "exampleEntities" : [ ]
  } ],
  "autoCompleteData" : [ ]
}