{
  "name" : "UserConfirmation",
  "trackingId" : "5BEE97B2-C8BC-4ADF-9327-B15E088B5A98",
  "enabled" : true,
  "intentParameters" : [ {
    "name" : "SmallTalkEntity",
    "required" : true,
    "entity" : "SmallTalkEntity",
    "trackingId" : "9B1AEE96-7400-464C-A030-BC19ACC89CB6"
  } ],
  "exampleData" : [ {
    "sentence" : "yes likewise",
    "trackingId" : "FDC8B028-AABD-414D-83A3-4268C638204D",
    "translated" : null,
    "detectedLanguage" : null,
    "translatedLanguage" : null,
    "translatedBy" : null,
    "exampleEntities" : [ ]
  }, {
    "sentence" : "likewise sir",
    "trackingId" : "682AAF54-4B91-46EB-9EC2-D368147C5B37",
    "translated" : null,
    "detectedLanguage" : null,
    "translatedLanguage" : null,
    "translatedBy" : null,
    "exampleEntities" : [ ]
  }, {
    "sentence" : "the same here",
    "trackingId" : "499A0361-6515-4992-8725-9222E6DCDC88",
    "translated" : null,
    "detectedLanguage" : null,
    "translatedLanguage" : null,
    "translatedBy" : null,
    "exampleEntities" : [ ]
  }, {
    "sentence" : "same",
    "trackingId" : "2D8E7D15-94CA-4503-ADAE-7A87C5CF6404",
    "translated" : null,
    "detectedLanguage" : null,
    "translatedLanguage" : null,
    "translatedBy" : null,
    "exampleEntities" : [ ]
  }, {
    "sentence" : "same here",
    "trackingId" : "5E484FCB-D54B-4DCA-907E-4F205B0B1E47",
    "translated" : null,
    "detectedLanguage" : null,
    "translatedLanguage" : null,
    "translatedBy" : null,
    "exampleEntities" : [ ]
  }, {
    "sentence" : "likewise",
    "trackingId" : "705410DC-ECB7-4FEA-B8E8-C94374A0DF07",
    "translated" : null,
    "detectedLanguage" : null,
    "translatedLanguage" : null,
    "translatedBy" : null,
    "exampleEntities" : [ ]
  }, {
    "sentence" : "me too",
    "trackingId" : "31C41823-2F57-41E3-A8E0-E2866D805C37",
    "translated" : null,
    "detectedLanguage" : null,
    "translatedLanguage" : null,
    "translatedBy" : null,
    "exampleEntities" : [ ]
  } ],
  "autoCompleteData" : [ ]
}