{
  "name" : "WhenBorn",
  "trackingId" : "02F733EB-FBFC-464C-B31B-2763036D7936",
  "enabled" : true,
  "intentParameters" : [ {
    "name" : "SmallTalkEntity",
    "required" : true,
    "entity" : "SmallTalkEntity",
    "trackingId" : "2AB9DC2D-DF33-4BDE-B400-1A2C899A41B1"
  } ],
  "exampleData" : [ {
    "sentence" : "when were you made available",
    "trackingId" : "87BF8DD3-9873-4DA1-942E-8F90A1B2A15F",
    "translated" : null,
    "detectedLanguage" : null,
    "translatedLanguage" : null,
    "translatedBy" : null,
    "exampleEntities" : [ ]
  }, {
    "sentence" : "do you know if you born",
    "trackingId" : "CE7389F7-B942-49E7-B4BB-A9A60CBFFF43",
    "translated" : null,
    "detectedLanguage" : null,
    "translatedLanguage" : null,
    "translatedBy" : null,
    "exampleEntities" : [ ]
  }, {
    "sentence" : "how have you been born",
    "trackingId" : "EBDEF6C1-29CC-47CD-A54C-1E2F1F20D686",
    "translated" : null,
    "detectedLanguage" : null,
    "translatedLanguage" : null,
    "translatedBy" : null,
    "exampleEntities" : [ ]
  }, {
    "sentence" : "when were you born",
    "trackingId" : "E4415C95-2EB9-401F-9CB3-9E2066DDA8F5",
    "translated" : null,
    "detectedLanguage" : null,
    "translatedLanguage" : null,
    "translatedBy" : null,
    "exampleEntities" : [ ]
  }, {
    "sentence" : "are you born",
    "trackingId" : "E6785136-540E-4700-9BDA-167FFFE1B0E1",
    "translated" : null,
    "detectedLanguage" : null,
    "translatedLanguage" : null,
    "translatedBy" : null,
    "exampleEntities" : [ ]
  } ],
  "autoCompleteData" : [ ]
}