{
  "name" : "WhereIAm",
  "type" : "NLPIntent",
  "trackingId" : "5C10AA78-BDA4-4BF3-9E92-377A611886C9",
  "enabled" : true,
  "intentParameters" : [ {
    "name" : "SmallTalkEntity",
    "required" : true,
    "entity" : "SmallTalkEntity",
    "trackingId" : "C0B541AB-AAF5-40E2-8E41-24CAE316A673"
  } ],
  "exampleData" : [ {
    "sentence" : "do you know my location",
    "trackingId" : "729117A6-156E-4F58-9D31-E44610FFC7B0",
    "translated" : null,
    "detectedLanguage" : null,
    "translatedLanguage" : null,
    "translatedBy" : null,
    "exampleEntities" : [ ]
  }, {
    "sentence" : "where I am",
    "trackingId" : "A610E676-1BED-4CD2-8BD9-156924AF0E32",
    "translated" : null,
    "detectedLanguage" : null,
    "translatedLanguage" : null,
    "translatedBy" : null,
    "exampleEntities" : [ ]
  }, {
    "sentence" : "where I come from",
    "trackingId" : "5E2D2945-10D8-4771-B02F-4D02351D67BC",
    "translated" : null,
    "detectedLanguage" : null,
    "translatedLanguage" : null,
    "translatedBy" : null,
    "exampleEntities" : [ ]
  }, {
    "sentence" : "where am I",
    "trackingId" : "C0429025-60E7-4114-918F-F8746A5A11DA",
    "translated" : null,
    "detectedLanguage" : null,
    "translatedLanguage" : null,
    "translatedBy" : null,
    "exampleEntities" : [ ]
  }, {
    "sentence" : "where I am based",
    "trackingId" : "90DE1247-B053-4855-A402-E0029CF27595",
    "translated" : null,
    "detectedLanguage" : null,
    "translatedLanguage" : null,
    "translatedBy" : null,
    "exampleEntities" : [ ]
  } ],
  "autoCompleteData" : [ ]
}