{
  "name" : "Wishings",
  "trackingId" : "FBB91D70-641F-4C3A-849B-6DD02F0518A5",
  "enabled" : true,
  "intentParameters" : [ {
    "name" : "SmallTalkEntity",
    "required" : true,
    "entity" : "SmallTalkEntity",
    "trackingId" : "A2D04D53-8945-4420-AF9C-F6C888442A7A"
  } ],
  "exampleData" : [ {
    "sentence" : "have a nice day",
    "trackingId" : "B7B2113E-8D3E-4606-9659-6BF1014CF203",
    "translated" : null,
    "detectedLanguage" : null,
    "translatedLanguage" : null,
    "translatedBy" : null,
    "exampleEntities" : [ ]
  }, {
    "sentence" : "all the best",
    "trackingId" : "58784E30-0081-4E8B-BFD4-5094909F0BD6",
    "translated" : null,
    "detectedLanguage" : null,
    "translatedLanguage" : null,
    "translatedBy" : null,
    "exampleEntities" : [ ]
  }, {
    "sentence" : "nice day",
    "trackingId" : "CC964EDA-F2D2-459E-8CD2-27B6BBAE4A11",
    "translated" : null,
    "detectedLanguage" : null,
    "translatedLanguage" : null,
    "translatedBy" : null,
    "exampleEntities" : [ ]
  }, {
    "sentence" : "take care",
    "trackingId" : "7D7A9B6A-AF3B-4CDF-A394-1E42CEE38372",
    "translated" : null,
    "detectedLanguage" : null,
    "translatedLanguage" : null,
    "translatedBy" : null,
    "exampleEntities" : [ ]
  }, {
    "sentence" : "have a great time",
    "trackingId" : "FABD3A73-83C5-4D4D-B14C-77271C7F96BC",
    "translated" : null,
    "detectedLanguage" : null,
    "translatedLanguage" : null,
    "translatedBy" : null,
    "exampleEntities" : [ ]
  }, {
    "sentence" : "have a nice day",
    "trackingId" : "4594FEA8-A68C-4CD9-BCF4-B266D47C13F2",
    "translated" : null,
    "detectedLanguage" : null,
    "translatedLanguage" : null,
    "translatedBy" : null,
    "exampleEntities" : [ ]
  } ],
  "autoCompleteData" : [ ]
}