{
  "name" : "SmallTalkEntity",
  "type" : "COMPOSITEBAG",
  "multiValue" : false,
  "fuzzyMatch" : false,
  "promptForDisambiguation" : true,
  "botPrompts" : [ {
    "text" : "Please enter Entity9",
    "sequenceNr" : null
  } ],
  "validationRules" : [ ],
  "compositeBagItems" : [ {
    "sequenceNr" : 1,
    "name" : "YES_NO",
    "type" : "ENTITY",
    "entityName" : "YES_NO",
    "entityUsage" : {
      "type" : "SYSTEM",
      "trackingId" : "4C45C925-1906-40FA-BB5E-4642FC06D426",
      "name" : "YES_NO",
      "description" : null,
      "multiValue" : false,
      "fuzzyMatch" : false,
      "promptForDisambiguation" : true,
      "disambiguationPrompt" : null,
      "enumRangeSize" : null,
      "errorMessage" : null,
      "eventHandler" : null,
      "botPrompts" : [ ],
      "validationRules" : [ ],
      "extensionType" : null
    },
    "multiValue" : false,
    "fuzzyMatch" : false,
    "outOfOrderExtraction" : true,
    "promptForDisambiguation" : false,
    "trackingId" : "12C01007-0500-4BEC-B362-8A0769DBCD8E"
  }, {
    "sequenceNr" : 2,
    "name" : "DATE",
    "type" : "ENTITY",
    "entityName" : "DATE",
    "entityUsage" : {
      "type" : "SYSTEM",
      "trackingId" : "0979F046-1F36-434C-A061-56B65F56C49F",
      "name" : "DATE",
      "description" : null,
      "multiValue" : false,
      "fuzzyMatch" : false,
      "promptForDisambiguation" : true,
      "disambiguationPrompt" : null,
      "enumRangeSize" : null,
      "errorMessage" : null,
      "eventHandler" : null,
      "botPrompts" : [ ],
      "validationRules" : [ ],
      "extensionType" : null
    },
    "multiValue" : false,
    "fuzzyMatch" : false,
    "outOfOrderExtraction" : true,
    "promptForDisambiguation" : false,
    "trackingId" : "5C46E298-0428-47ED-9514-E5F1C2055FE8"
  }, {
    "sequenceNr" : 8,
    "name" : "CURRENCY",
    "type" : "ENTITY",
    "entityName" : "CURRENCY",
    "entityUsage" : {
      "type" : "SYSTEM",
      "trackingId" : "BE2AA748-7A01-4655-A9AC-4B33A7C78D56",
      "name" : "CURRENCY",
      "description" : null,
      "multiValue" : false,
      "fuzzyMatch" : false,
      "promptForDisambiguation" : true,
      "disambiguationPrompt" : null,
      "enumRangeSize" : null,
      "errorMessage" : null,
      "eventHandler" : null,
      "botPrompts" : [ ],
      "validationRules" : [ ],
      "extensionType" : null
    },
    "multiValue" : false,
    "fuzzyMatch" : false,
    "outOfOrderExtraction" : true,
    "promptForDisambiguation" : false,
    "trackingId" : "E2E150FF-A1A3-4608-8B8E-E8B08FD7DA83"
  }, {
    "sequenceNr" : 9,
    "name" : "DURATION",
    "type" : "ENTITY",
    "entityName" : "DURATION",
    "entityUsage" : {
      "type" : "SYSTEM",
      "trackingId" : "5AEB9548-FFD3-4D68-B1D9-C864596A3EE4",
      "name" : "DURATION",
      "description" : null,
      "multiValue" : false,
      "fuzzyMatch" : false,
      "promptForDisambiguation" : true,
      "disambiguationPrompt" : null,
      "enumRangeSize" : null,
      "errorMessage" : null,
      "eventHandler" : null,
      "botPrompts" : [ ],
      "validationRules" : [ ],
      "extensionType" : null
    },
    "multiValue" : false,
    "fuzzyMatch" : false,
    "outOfOrderExtraction" : true,
    "promptForDisambiguation" : true,
    "trackingId" : "D15DD87C-5141-4AC5-A8E1-EF5BD13B7E86"
  }, {
    "sequenceNr" : 11,
    "name" : "EMAIL",
    "type" : "ENTITY",
    "entityName" : "EMAIL",
    "entityUsage" : {
      "type" : "SYSTEM",
      "trackingId" : "6E21BC12-3A2E-4AF8-9008-8B19CE19B9BD",
      "name" : "EMAIL",
      "description" : null,
      "multiValue" : false,
      "fuzzyMatch" : false,
      "promptForDisambiguation" : true,
      "disambiguationPrompt" : null,
      "enumRangeSize" : null,
      "errorMessage" : null,
      "eventHandler" : null,
      "botPrompts" : [ ],
      "validationRules" : [ ],
      "extensionType" : null
    },
    "multiValue" : false,
    "fuzzyMatch" : false,
    "outOfOrderExtraction" : true,
    "promptForDisambiguation" : true,
    "trackingId" : "40DE1FD3-F5F4-42D0-BC77-90C7FCB80F5F"
  }, {
    "sequenceNr" : 12,
    "name" : "NUMBER",
    "type" : "ENTITY",
    "entityName" : "NUMBER",
    "entityUsage" : {
      "type" : "SYSTEM",
      "trackingId" : "1885DE6B-52AA-4E5E-B4A0-D84D2679A80E",
      "name" : "NUMBER",
      "description" : null,
      "multiValue" : false,
      "fuzzyMatch" : false,
      "promptForDisambiguation" : true,
      "disambiguationPrompt" : null,
      "enumRangeSize" : null,
      "errorMessage" : null,
      "eventHandler" : null,
      "botPrompts" : [ ],
      "validationRules" : [ ],
      "extensionType" : null
    },
    "multiValue" : false,
    "fuzzyMatch" : false,
    "outOfOrderExtraction" : true,
    "promptForDisambiguation" : true,
    "trackingId" : "9FB45B21-2087-4736-AE76-E010FFB9A41E"
  }, {
    "sequenceNr" : 13,
    "name" : "PHONENUMBER",
    "type" : "ENTITY",
    "entityName" : "PHONE_NUMBER",
    "entityUsage" : {
      "type" : "SYSTEM",
      "trackingId" : "70F8197E-3B10-4057-9777-EEE13CCC7DF3",
      "name" : "PHONE_NUMBER",
      "description" : null,
      "multiValue" : false,
      "fuzzyMatch" : false,
      "promptForDisambiguation" : true,
      "disambiguationPrompt" : null,
      "enumRangeSize" : null,
      "errorMessage" : null,
      "eventHandler" : null,
      "botPrompts" : [ ],
      "validationRules" : [ ],
      "extensionType" : null
    },
    "multiValue" : false,
    "fuzzyMatch" : false,
    "outOfOrderExtraction" : true,
    "promptForDisambiguation" : true,
    "trackingId" : "61DF46B1-1288-4D70-9F22-74DBD47965E9"
  }, {
    "sequenceNr" : 14,
    "name" : "TIME",
    "type" : "ENTITY",
    "entityName" : "TIME",
    "entityUsage" : {
      "type" : "SYSTEM",
      "trackingId" : "EB3D2BB3-B9C3-4DB5-8447-B204DAB94027",
      "name" : "TIME",
      "description" : null,
      "multiValue" : false,
      "fuzzyMatch" : false,
      "promptForDisambiguation" : true,
      "disambiguationPrompt" : null,
      "enumRangeSize" : null,
      "errorMessage" : null,
      "eventHandler" : null,
      "botPrompts" : [ ],
      "validationRules" : [ ],
      "extensionType" : null
    },
    "multiValue" : false,
    "fuzzyMatch" : false,
    "outOfOrderExtraction" : true,
    "promptForDisambiguation" : true,
    "trackingId" : "CF04081B-A9F5-4BB5-8907-B239A1A5DAD3"
  }, {
    "sequenceNr" : 15,
    "name" : "URL",
    "type" : "ENTITY",
    "entityName" : "URL",
    "entityUsage" : {
      "type" : "SYSTEM",
      "trackingId" : "21921461-0AB9-4D15-982D-C68E39BB6821",
      "name" : "URL",
      "description" : null,
      "multiValue" : false,
      "fuzzyMatch" : false,
      "promptForDisambiguation" : true,
      "disambiguationPrompt" : null,
      "enumRangeSize" : null,
      "errorMessage" : null,
      "eventHandler" : null,
      "botPrompts" : [ ],
      "validationRules" : [ ],
      "extensionType" : null
    },
    "multiValue" : false,
    "fuzzyMatch" : false,
    "outOfOrderExtraction" : true,
    "promptForDisambiguation" : true,
    "trackingId" : "ED2DDDCD-47E4-40FA-ACE1-F6CB41C68EB5"
  } ],
  "trackingId" : "351FBAA6-A950-4D87-AC68-792BBA09BDC1"
}